seq_id,sequence_step,space_name,space_type,is_mandatory,is_optional,min_depth_m,typical_depth_m,width_relationship,visual_termination,privacy_transition,transition_element,facing_n_description,facing_s_description,facing_e_description,facing_w_description,vastu_significance,traditional_tn_element,modern_adaptation,drawing_annotation,bhk_applicability,plot_area_min_sqm
1,1,Main Gate,GATE,1,0,0.3,0.6,SAME_WIDTH,First view of house facade framed between compound wall pillars with house number plate visible,PUBLIC → PUBLIC,Gate pillars with name plate and bell,Gate on north compound wall facing road with tulasi madam visible beside gate pillar on right side,Gate on south compound wall with deep overhang protecting from afternoon sun casting shadow on approach,Gate on east compound wall receiving morning sun with brass bell and kolam at threshold base,Gate on west compound wall with louvered screen above to filter glare from setting sun during evening,Gate position determined by vastu pada — specific grid positions on boundary are auspicious for entry opening,Compound wall gate with stone or concrete pillars brass name plate and traditional brass bell at gate level,Modern gate uses MS frame with laser-cut design panels intercom unit and remote-controlled sliding mechanism,GATE ═══,"1BHK,2BHK,3BHK,4BHK",40
2,1,Main Gate,GATE,1,0,0.3,0.5,SAME_WIDTH,Compact gate view showing house front directly behind with minimal setback from road in narrow urban plot,PUBLIC → PUBLIC,Simple gate with latch and bell,Narrow plot gate on north boundary with house visible just 1.5m behind gate on compact Chennai plot,Narrow south gate with overhead shade protecting visitor from standing in direct noon sun while waiting,Narrow east gate with morning light illuminating house front creating inviting first impression for visitors,Narrow west gate with afternoon shade from adjacent building typical of row house plots in TN cities,Even on narrow plots gate must be on vastu-approved pada — incorrect placement causes dosham per shastra,Simple iron gate with vertical bars and small roof shelter typical of compact urban plots in Tamil Nadu,Modern compact gate with video intercom magnetic lock and powder-coated steel frame in contemporary TN housing,GATE ─,"1BHK,2BHK",30
3,1,Main Gate,GATE,1,0,0.5,0.8,WIDER,Grand double gate view revealing landscaped approach pathway with house facade as visual terminus ahead,PUBLIC → PUBLIC,Double gate pillars with ornamental top and lighting,Wide north gate with ornamental pillars and overhead arch showing garden pathway leading to grand verandah,Double south gate with large canopy structure protecting approach path from harsh south sun exposure,Grand east double gate with morning sun illuminating approach garden creating dramatic arrival experience,Double west gate with mature tree canopy filtering afternoon light creating dappled shadow on approach,Large plot gate uses premium vastu pada with wider opening allowing positive energy flow into generous compound,Grand double-leaf gate with ornamental masonry pillars carved stone lion or elephant motifs on traditional TN homes,Contemporary double gate with automated sliding panels landscaped lighting and CCTV in premium TN housing,══ GATE ══,"3BHK,4BHK",120
4,2,Pathway,PATHWAY,0,1,1.5,3,NARROWER,House main door visible at end of pathway with verandah partially visible creating anticipation of arrival,PUBLIC → PUBLIC,Change from compound paving to pathway material,North pathway straight axis to verandah with garden on both sides and tulasi madam at midpoint on right,South pathway curves slightly to avoid direct sun axis with shade trees planted along western edge,East pathway receives full morning light with stepping stones on lawn leading to verandah threshold,West pathway shaded by pergola structure with creeper plants filtering harsh afternoon sun for visitors,Pathway should not align directly with road — slight offset prevents negative energy entering per vastu,Traditional brick or stone pathway with stepping stones small garden with jasmine and tulasi alongside,Modern pathway uses textured concrete or natural stone pavers with LED path lighting and minimal landscaping,──→ PATH,"2BHK,3BHK,4BHK",80
5,2,Car Porch,CAR_PORCH,0,1,5,6,WIDER,Vehicle shelter with house entrance visible beyond showing clear pedestrian path from car to verandah,PUBLIC → PUBLIC,Transition from vehicular to pedestrian zone marked by bollard or step,North car porch along north boundary with roof sloping south and pedestrian path to verandah on east side,South car porch with high roof to dissipate heat and ventilated sides for air circulation under shelter,East car porch receiving morning sun with roof designed for rain runoff away from pedestrian walkway,West car porch with solid west wall blocking afternoon sun and open east side for natural ventilation,Car porch must not block main door view from gate — vehicle presence should not obstruct entry vastu axis,Traditional car porch with RCC flat roof supported by masonry pillars with decorative bracket details,Modern car porch uses steel frame with polycarbonate sheet roof minimalist pillar design and EV charging point,CAR [___],"2BHK,3BHK,4BHK",100
6,2,Pathway,PATHWAY,1,0,0.5,1,NARROWER,Short pathway on compact plot showing main door directly ahead with just enough space for kolam and shoe rack,PUBLIC → PUBLIC,Single step up from compound level to verandah level,Short north pathway just 1m connecting gate to verandah with kolam space at verandah threshold edge,Short south pathway with small overhang shade for visitor comfort during brief walk from gate to door,Short east pathway bathed in morning light with traditional kolam visible on floor at verandah junction,Short west pathway with side wall providing shade from afternoon sun for the brief approach walk to entry,Even short pathway benefits from correct pada alignment — threshold step should fall on auspicious grid point,Short brick-paved pathway with single step up to verandah level and small kolam space at transition point,Modern short path with anti-skid tiles motion sensor light and concealed shoe storage at verandah edge,─→,"1BHK,2BHK",30
7,3,Verandah,VERANDAH,1,0,1.2,1.5,SAME_WIDTH,Main door framed by verandah columns with seating area visible and doorbell or knocker at eye level,PUBLIC → SEMI_PUBLIC,Threshold step up from pathway level to raised verandah platform with change in floor material,North verandah full road-facing width with thinnai seat on east side and main door centered on south wall,South verandah with 1.8m depth for sun protection thinnai on west side and main door with overhead shade,East verandah bathed in morning light with thinnai on south side and main door receiving auspicious east sun,West verandah with deep overhang thinnai on south side and main door set back from afternoon sun glare,Verandah is the griha-mukha face of the house — its proportions determine the energy entering the home per vastu,Traditional thinnai raised platform verandah with carved wooden columns seating ledge and kolam on floor,Modern verandah with sit-out area decorative column cladding recessed lighting and designer tile flooring,▓▓ VERANDAH ▓▓,"1BHK,2BHK,3BHK,4BHK",30
8,3,Verandah,VERANDAH,1,0,1.5,1.8,SAME_WIDTH,Spacious verandah with traditional thinnai seating main door visible with decorative frame and overhead lamp,PUBLIC → SEMI_PUBLIC,Raised platform with stone or granite step and change from exterior to semi-interior finish,Wide north verandah 1.8m deep with twin thinnai seats flanking main door and hanging brass lamp overhead,Deep south verandah 2.0m providing maximum shade with thinnai bench along full width for family evening sitting,Grand east verandah with morning sun highlighting carved main door frame and traditional kolam at threshold,Protected west verandah with jali screen on west edge filtering sun while maintaining visual connection to garden,Deeper verandah allows vastu-prescribed threshold rituals including kolam decoration and lamp lighting space,Grand thinnai with carved stone bench polished granite floor brass oil lamp bracket and carved wooden ceiling,Contemporary verandah with built-in seating indirect lighting designer flooring and concealed storage beneath seat,▓▓▓ VERANDAH ▓▓▓,"3BHK,4BHK",80
9,3,Thinnai,THINNAI,0,1,0.9,1.2,NARROWER,Traditional raised sitting platform on verandah edge where visitors wait and household head receives guests,PUBLIC → SEMI_PUBLIC,Raised masonry platform 450mm above verandah floor with smoothed edge for sitting comfort,North thinnai on east side of verandah receiving morning sun for pleasant conversation during forenoon hours,South thinnai on east side shaded from afternoon sun providing comfortable seating throughout the day,East thinnai on south side of verandah with back wall support for comfortable extended sitting for visitors,West thinnai on south side protected from setting sun suitable for evening social interaction on verandah,Thinnai is where semi-public interactions occur — visitors who are not invited inside are received here per custom,Traditional thinnai raised masonry platform with polished stone top curved edges and pillar backrest support,Modern thinnai adapted as built-in verandah bench with cushion seating magazine storage and phone charging point,┌─ THINNAI ─┐,"2BHK,3BHK,4BHK",60
10,4,Main Door,MAIN_DOOR,1,0,0.15,0.2,NARROWER,Ornate door surface with handle and lock visible threshold strip on floor marking inside-outside boundary,SEMI_PUBLIC → SEMI_PRIVATE,Threshold strip in brass or granite with 25mm step marking the sacred entry boundary,North house main door on south wall of verandah facing south with overhead brass lamp and door frame carving,South house main door facing north set back from verandah edge with deep overhang shade above door frame,East house main door facing west receiving morning backlight creating silhouette welcome for approaching visitors,West house main door facing east with main door receiving morning light on its decorative carved surface,Main door crossing is the most sacred threshold — door must not have gap at bottom and frame must be complete per vastu,Traditional double-leaf teak door with brass fittings carved panels mango leaf toran and threshold brass strip,Modern main door with engineered wood or veneer finish digital lock decorative handle and peephole camera,╔══ DOOR ══╗,"1BHK,2BHK,3BHK,4BHK",30
11,4,Main Door,MAIN_DOOR,1,0,0.2,0.25,NARROWER,Grand double-leaf door with ornamental handle visible and interior foyer or living room partially visible beyond,SEMI_PUBLIC → SEMI_PRIVATE,Grand threshold in polished granite with brass inlay strip and 30mm step into interior,Premium north house grand door 1.2m wide facing south with carved frame arch detail and hanging brass lamp,Premium south house double door with tall frame and overhead canopy protecting ornate carving from rain damage,Premium east house main door receiving first morning light highlighting traditional carved deity panel on door,Premium west house main door with frosted glass panel allowing interior light to glow outward during evening welcome,Grand door must have even number of panels and no crack between leaves — vastu requires complete boundary at threshold,Grand teak double door with Lakshmi panel carving brass knocker ring oil lamp bracket and toran hook on frame,Premium main door with solid wood core designer veneer biometric lock video doorbell and accent LED lighting,╔═══ GRAND DOOR ═══╗,"3BHK,4BHK",80
12,5,Foyer,FOYER,0,1,1,1.5,SAME_WIDTH,Small entry hall with shoe storage visible and living room archway ahead creating controlled interior reveal,SEMI_PRIVATE → SEMI_PRIVATE,Change in floor pattern or level from door threshold to foyer interior flooring,North house foyer opens south into living with shoe niche on east wall and mirror or deity image on south wall,South house foyer with coat hook area on west wall and living room visible through archway straight ahead,East house foyer receiving indirect morning light through main door with living room opening on south side,West house foyer with accent wall art on east wall facing main door creating visual focus as one enters home,Foyer is the antechamber of the griha — first interior space must be clean bright and free of clutter per vastu,Traditional entry with brass urli water bowl small deity niche and overhead hanging oil lamp in teak frame,Modern foyer with console table accent wall designer mirror shoe cabinet and pendant light for welcoming ambiance,┌─ FOYER ─┐,"2BHK,3BHK,4BHK",60
13,5,Entry Niche,FOYER,0,1,0.5,0.8,NARROWER,Compact entry space barely separating door from living with small shelf for keys and deity photo on wall,SEMI_PRIVATE → SEMI_PRIVATE,Subtle floor pattern change or threshold strip marking entry zone in compact layout,Compact north foyer niche with small deity shelf on east wall and direct view into living room beyond,Compact south foyer with mirror on north wall reflecting light and making small entry feel more spacious,Compact east entry niche with morning light spilling from door into small shoe shelf area before living,Compact west entry with overhead light compensating for limited natural light and small utility hook rack,Even small entry niche must be kept clean and bright — cluttered entry blocks positive energy per vastu belief,Small wooden shelf with deity photo small brass lamp and hook for umbrella at entry point in compact TN home,Modern compact entry with wall-mounted key holder shoe tray sensor light and minimalist deity frame on wall,┌ENTRY┐,"1BHK,2BHK",30
14,6,Living Room,LIVING,1,0,3,3.6,WIDER,Full interior view with furniture arrangement visible natural light from windows and doors to other rooms apparent,SEMI_PRIVATE → SEMI_PRIVATE,Archway or wide opening from foyer to living marking transition from entry to social zone,North-facing living with large north windows providing even diffused daylight throughout the day for comfortable ambiance,South-facing living with controlled south light through high windows and cross-ventilation from north windows behind,East-facing living filled with morning sun through east windows creating bright welcoming atmosphere for visitors,West-facing living with west wall minimized for windows and cross-vent from east side to manage afternoon heat,Living room is the heart of the griha — must be well-lit airy and the largest space reflecting family prosperity,Traditional living with wooden swing jhula in corner brass lamp stands kolam-patterned tile and family deity photo wall,Modern living with modular sofa entertainment unit accent lighting and minimalist decor in contemporary TN apartments,╔═══ LIVING ═══╗,"1BHK,2BHK,3BHK,4BHK",30
15,6,Living Room,LIVING,1,0,3.6,4.5,WIDER,Grand living vista with courtyard visible beyond formal seating visible and ceiling height emphasizing spaciousness,SEMI_PRIVATE → SEMI_PRIVATE,Ceiling height change or coffered ceiling detail marking living room as primary interior space,Grand north living with double-height ceiling north windows and courtyard visible creating layered depth experience,Grand south living with clerestory windows on north side bringing indirect light and courtyard connection on west,Grand east living with floor-to-ceiling east glass wall flooding space with morning light and garden view beyond,Grand west living with controlled west light through louvered panels and internal courtyard providing balanced light,Spacious living attracts abundance — vastu prescribes living should feel expansive with no low beams crossing overhead,Grand living with carved wooden ceiling teak jhula brass urli centerpiece and rangoli tile pattern near entry arch,Premium living with Italian marble floor coffered false ceiling designer chandelier and home automation controls,╔════ GRAND LIVING ════╗,"3BHK,4BHK",100
16,7,Dining Area,TRANSITION,1,0,2.4,3,SAME_WIDTH,Dining table visible with kitchen entry beyond and living room behind marking transition from social to service zone,SEMI_PRIVATE → SERVICE,Change in floor material from living wood or tile to dining easy-clean vitrified surface,North house dining on south side of living with kitchen entry on east wall leading to southeast kitchen zone,South house dining adjacent to living with kitchen archway on east side and serving counter between spaces,East house dining with morning light from east window and kitchen entry on south wall for convenient food service,West house dining on east side away from hot west wall with kitchen access through south or east side passage,Dining is where family nourishment occurs — must be in west or south direction for proper digestion per vastu,Traditional dining with low table or high table wooden chairs and serving shelf niche between dining and kitchen,Modern dining with four or six seater table pendant light serving hatch to kitchen and display unit for crockery,├── DINING ──┤,"1BHK,2BHK,3BHK,4BHK",30
17,7,Kitchen Corridor,TRANSITION,0,1,0.9,1.2,NARROWER,Short passage between dining and kitchen with service counter or shelf visible marking entry to service zone,SERVICE → SERVICE,Threshold strip or floor level change of 25mm marking entry into wet service kitchen zone,North house kitchen corridor on east side connecting dining to southeast kitchen with ventilation window above,South house kitchen passage with overhead exhaust duct and fire extinguisher niche per safety requirements,East house kitchen corridor receiving indirect light from kitchen east window with provisions shelf on side wall,West house kitchen approach corridor on east side of kitchen avoiding west wall heat zone for comfortable access,Kitchen entry should face east if possible — cook should face east while preparing food for auspicious energy flow,Traditional kitchen entrance with brass threshold strip stone mortar niche and overhead spice rack at entry,Modern kitchen corridor with sliding door track overhead exhaust vent and waterproof flooring at wet-dry boundary,──→ KITCHEN,"2BHK,3BHK,4BHK",60
18,8,Bedroom Passage,TRANSITION,1,0,0.9,1.05,NARROWER,Corridor leading to bedroom doors with passage lighting and bedroom doors visible at intervals along the corridor,SEMI_PRIVATE → PRIVATE,Change from living zone flooring to corridor carpet or different tile marking private wing,North house bedroom passage along south wall with bedroom doors on west and south sides for maximum privacy,South house bedroom passage on north side of private wing with bedroom doors opening south and west for vastu,East house bedroom corridor on west side with bedroom doors facing east for morning light and west for master,West house bedroom passage on east side with bedroom doors on south and west with master at southwest end,Bedroom passage is the final threshold — crossing from living to this corridor enters the most private family domain,Traditional passage with family photo wall overhead brass lamp and decorative arched niches at bedroom entries,Modern bedroom corridor with recessed LED strips sensor night lighting and acoustic-rated bedroom doors along sides,──→ BEDROOMS,"2BHK,3BHK,4BHK",50
19,8,Bedroom Passage,TRANSITION,1,0,1.05,1.2,NARROWER,Wide passage with display niches bedroom doors recessed into alcoves and master suite at far end for hierarchy,SEMI_PRIVATE → PRIVATE,Accent wall or artwork marking entry to private family wing with softer lighting transition,Grand north house passage with display niches on south wall master suite door at southwest end of corridor,Grand south house passage along central axis with bedrooms alternating on both sides and master at far end,Grand east house passage with accent lighting on east wall and master suite double door at south end for prominence,Grand west house passage with gallery wall on east side and master suite at southwest corner for vastu compliance,The private corridor must feel calm and secure — vastu prescribes warm earth tones and minimal clutter in this zone,Wide passage with teak wall paneling recessed deity niche family photo gallery and decorative ceiling molding,Premium passage with Italian marble floor concealed lighting display alcoves and smart home panels at bedroom entries,══→ PRIVATE WING,"3BHK,4BHK",100
20,3,Verandah,VERANDAH,1,0,1.2,1.5,SAME_WIDTH,Compact verandah serving dual purpose of entry transition and evening sit-out on narrow urban plot frontage,PUBLIC → SEMI_PUBLIC,Floor level change 150mm from pathway to verandah with anti-skid strip at edge for safety,Compact north verandah 1.2m deep spanning half the plot width with shoe rack niche and small kolam space,Compact south verandah with overhead sunshade extending 0.6m beyond verandah edge for additional sun protection,Compact east verandah with morning sun making small space feel larger and warm for brief morning social interactions,Compact west verandah with bamboo blind or vertical garden on west edge providing natural cooling and shade,Even compact verandah must be clean and welcoming — it represents the face of the household to the neighborhood,Small thinnai-style verandah with polished concrete seat narrow granite floor and simple wooden column support,Compact modern verandah with composite deck flooring built-in planter box and wall-mounted folding bench for sit-out,▓ VERANDAH ▓,"1BHK,2BHK",30
21,4,Main Door,MAIN_DOOR,1,0,0.15,0.2,NARROWER,Standard single-leaf door with simple handle lock and small window panel allowing interior light to show at night,SEMI_PUBLIC → SEMI_PRIVATE,Simple brass threshold strip with 20mm step from verandah to interior floor level,North 1BHK main door simple teak single-leaf with brass handle and small ventilator panel above door frame,South 1BHK door with overhead shade canopy and peephole for identifying visitors before opening in hot climate,East 1BHK door receiving morning light with traditional lime wash surround and small deity image above frame,West 1BHK door with frosted glass panel allowing evening light in while maintaining privacy from street view,Single-leaf door must be right-hand opening — left-hand opening at main entry is considered inauspicious per vastu,Single-leaf teak door with simple carving brass handle mango leaf toran on frame and small kolam at threshold,Modern single door with flush finish digital pin lock weather strip and motion sensor porch light above frame,╔═ DOOR ═╗,1BHK,30
22,6,Living Room,LIVING,1,0,3,3.3,WIDER,Compact living room with multipurpose furniture visible and kitchen counter or pass-through creating open feel,SEMI_PRIVATE → SEMI_PRIVATE,Open transition from foyer area with no physical barrier just spatial proportion change,Compact north living with north window for daylight and south wall holding TV unit and bedroom door adjacent,Compact south living with high south window and north interior wall maximized for storage and display shelving,Compact east living bright with morning sun through east window making small space feel airy and spacious,Compact west living with east-facing window for morning light and west wall used for solid storage to block heat,Even small living must feel spacious — vastu recommends keeping center clear and furniture against walls for energy flow,Compact living with wall-mounted wooden shelf swing hook on ceiling and floor seating option for traditional meals,Modern compact living with modular furniture wall-mounted entertainment unit and multi-function space-saving design,╔═ LIVING ═╗,1BHK,30
23,7,Combined Dining,TRANSITION,1,0,2,2.4,SAME_WIDTH,Open-plan dining within living space with dining table adjacent to kitchen counter creating efficient service flow,SEMI_PRIVATE → SERVICE,Subtle floor pattern change or area rug marking dining zone within combined living-dining space,North 1BHK combined dining at south end of living near kitchen entry with compact four-seater table arrangement,South 1BHK dining area near kitchen on east side with window providing natural light for pleasant meal ambiance,East 1BHK dining spot near kitchen with morning light making breakfast area bright and inviting for daily use,West 1BHK dining near kitchen on east side positioned away from hot west wall for comfortable meal experience,Dining direction should face east or west per vastu — family should face east while eating for digestive health,Combined dining with folding table against wall small serving shelf and hanging plate rack in compact TN home,Modern combined dining with wall-mounted folding table pendant light and open shelf divider between kitchen-living,├─ DINING ─┤,1BHK,30
24,2,Covered Walkway,PATHWAY,0,1,1,1.8,NARROWER,Covered pathway connecting car porch to verandah protecting residents from rain during monsoon season movement,PUBLIC → PUBLIC,Covered overhead transition from open car area to semi-enclosed verandah approach with side railings,North covered walkway along east side connecting car porch to verandah with garden view on both sides visible,South covered walkway with louvered side panels blocking horizontal rain while allowing cross-ventilation through,East covered walkway with morning light filtering through translucent roofing sheet creating pleasant dappled walk,West covered walkway with solid west wall blocking afternoon sun and open east side for garden ventilation path,Covered pathway maintains unbroken entry sequence — getting wet between car and house breaks arrival auspiciousness,Traditional covered walkway with RCC sloping roof masonry columns and open sides with decorative railing detail,Modern covered walkway with steel frame polycarbonate sheet roof cable railing and integrated drainage gutter system,──→ COVERED,"3BHK,4BHK",100
25,5,Transitional Space,TRANSITION,0,1,0.6,1,NARROWER,Brief pause space between main door and living allowing eyes to adjust from bright exterior to interior lighting,SEMI_PRIVATE → SEMI_PRIVATE,Ceiling height reduction of 150mm from exterior verandah height to interior room height,North house transition with deity image on wall facing entrant as first interior visual creating sacred welcome,South house transition with mirror on north wall reflecting incoming light and making compact space feel larger,East house transition with morning backlight silhouetting deity image creating dramatic spiritual welcome moment,West house transition with warm-toned accent light on east wall compensating for limited western natural light,This transition is where outdoor energy becomes indoor energy — vastu requires positive first-view deity or water element,Small niche with oil lamp deity photo brass urli and overhead carved wooden bracket at interior threshold point,Modern transition zone with accent light on feature wall small console table and decorative elements for first view,──┤ENTRY├──,"2BHK,3BHK",50
26,8,Bedroom Entry,TRANSITION,1,0,0,0.3,NARROWER,Single bedroom door visible from living room with minimal transition space typical of compact 1BHK floor plans,SEMI_PRIVATE → PRIVATE,Simple door threshold marking privacy boundary between living area and single bedroom space,North 1BHK bedroom door on south wall of living room with door hinge on east side per vastu door-opening rules,South 1BHK bedroom door on west wall of living with bedroom behind receiving north light for pleasant sleeping,East 1BHK bedroom door on south or west wall with bedroom positioned for quiet sleeping away from east entry zone,West 1BHK bedroom door on south wall with bedroom on south side getting cross-ventilation from two external walls,Bedroom door must open clockwise — anticlockwise opening is considered inauspicious for private room entry per vastu,Simple bedroom door with teak frame brass handle and small deity symbol or om carved on door top panel in TN homes,Modern bedroom door with flush panel finish quality brass or steel handle acoustic seal strip and pivot hinge option,→ BED,1BHK,30
27,1,Main Gate,GATE,1,0,0.4,0.7,SAME_WIDTH,Mid-size gate with approach pathway visible beyond and house partially screened by garden or compound wall return,PUBLIC → PUBLIC,Gate pillar with name plate light fixture and intercom or bell button at visitor-accessible height,North mid-plot gate with garden visible on both sides and house facade partially revealed creating curiosity,South mid-plot gate with overhead canopy and side pillar providing shade while visitor waits for door response,East mid-plot gate receiving morning sun with brass name plate catching light and traditional bell at side pillar,West mid-plot gate with tinted overhead panel and garden buffer reducing glare for both visitor and interior view,Mid-size plots benefit from slightly offset gate — angled approach prevents direct road energy hitting the house per vastu,Mid-size gate with masonry pillars wrought iron leaf design and small overhead traditional tile roof shelter,Modern mid-gate with CNC-cut metal panel design video doorbell call button and accent pillar lighting for evening,═ GATE ═,"2BHK,3BHK",60
28,3,Traditional Verandah,VERANDAH,1,0,1.8,2.4,SAME_WIDTH,Grand thinnai verandah with carved columns visible raised platform for traditional sitting and ornate ceiling work,PUBLIC → SEMI_PUBLIC,Grand 300mm platform rise with carved stone steps and polished granite floor on raised verandah level,Grand north thinnai spanning full width with carved granite columns raised platform and overhead carved wood ceiling,Grand south thinnai with 2.4m depth for sun shield carved stone bench and overhead fan for hot-weather comfort,Grand east thinnai in morning sunlight with brass hanging lamps carved column capitals and traditional tile floor,Grand west thinnai with bamboo roller blinds for afternoon sun and carved stone backrest bench for extended sitting,Grand thinnai is where the household demonstrates status — ornate columns and finish reflect family standing per tradition,Chettinad-style thinnai with carved teak columns Burma teak ceiling hand-laid Athangudi tile and stone platform,Contemporary grand verandah with designer column cladding imported stone floor concealed speakers and smart lighting,▓▓▓▓ GRAND THINNAI ▓▓▓▓,4BHK,150
29,6,Living with Courtyard,LIVING,1,0,3.6,4.2,WIDER,Living room opening onto internal courtyard with natural light flooding from above and sky visible through roof opening,SEMI_PRIVATE → SEMI_PRIVATE,Large archway or fully open wall connecting indoor living to courtyard creating extended social space,North living opening to central courtyard with light well visible creating dramatic interior illumination effect,South living with courtyard on north side bringing indirect north light deep into the living space for comfort,East living with courtyard creating cross-ventilation path from east entry through living into central open space,West living with courtyard buffer reducing west heat while bringing controlled daylight into interior social zone,Courtyard is Brahmasthana center of the house — living adjacent to it receives the most positive energy per vastu,Traditional mutram-connected living with carved archway stone-paved courtyard with tulasi and brass oil lamp stand,Modern courtyard living with retractable glass roof landscaped courtyard planter and seamless indoor-outdoor flooring,╔═══ LIVING ←→ COURTYARD ═══╗,"3BHK,4BHK",100
30,7,Service Entry,TRANSITION,1,0,0.6,0.9,NARROWER,Transition from dining to kitchen with serving counter visible and change from guest-zone to household-zone atmosphere,SERVICE → SERVICE,Counter or half-wall with pass-through serving window marking boundary between dining and kitchen zones,North house service entry with pass-through counter on east wall and kitchen visible beyond for convenient serving,South house service transition with overhead ventilation duct visible and fire safety equipment niche at entry,East house service entry with morning light from kitchen window visible through pass-through creating bright welcome,West house service approach on east wall with kitchen set away from hot west wall for comfortable cooking environment,Kitchen entry transition must be clean and obstacle-free — blocked kitchen entry creates health and safety issues per vastu,Traditional service entry with wooden half-door brass threshold and overhead shelf for daily-use vessels and spices,Modern service transition with quartz counter pass-through overhead cabinet and water-resistant flooring at boundary,──→ SERVICE,"1BHK,2BHK,3BHK,4BHK",30
31,2,Side Pathway,PATHWAY,0,1,0.75,1,NARROWER,Narrow side passage along compound wall leading to service entrance at rear for domestic help and delivery access,PUBLIC → SERVICE,Change from front garden paving to utilitarian concrete pathway marking transition to service approach,North plot side path on east boundary leading to southeast service entrance behind kitchen for maid and delivery,South plot side path on east side connecting to service door avoiding need for service staff to use main gate entry,East plot side path on south boundary leading to utility room service door at rear of house away from entry zone,West plot side path on south side connecting to kitchen service exit for LPG delivery and waste disposal access,Service pathway must not cross main entry axis — domestic help approach should be separate from family arrival path,Narrow concrete side passage with compound wall on one side and house wall on other with overhead drain pipe routing,Modern side path with anti-skid pavers accent lighting sensor gate and separate service entrance intercom system,···→ SERVICE,"2BHK,3BHK,4BHK",50
32,8,Bedroom Zone Entry,TRANSITION,1,0,0.5,0.9,NARROWER,Simple turn or short passage from living leading to two bedroom doors marking clear boundary of private family zone,SEMI_PRIVATE → PRIVATE,L-turn in circulation path preventing direct sightline from living into bedroom when doors open,North 2BHK bedroom zone entry turning south from living with master bedroom door on west and bedroom 2 on south,South 2BHK bedroom entry turning west from living with bedrooms on west side away from south road and sun exposure,East 2BHK bedroom zone turning south from living with bedrooms on south and west walls for quiet sleeping position,West 2BHK bedroom entry turning east from living ensuring bedroom doors face away from hot west afternoon sun,L-turn at bedroom zone entry is architecturally ideal — prevents direct visual axis from public to private per vastu,Simple passage turn with family photo on wall overhead tube light and two bedroom doors visible around the corner,Modern L-turn passage with accent wall recessed lighting and acoustic door transition into quiet bedroom zone,─┐→ BEDS,2BHK,40
33,4,Main Door,MAIN_DOOR,1,0,0.2,0.25,NARROWER,Decorated main door with traditional toran festoon and kolam visible at threshold base marking sacred house entry,SEMI_PUBLIC → SEMI_PRIVATE,Ornamental brass threshold with mango leaf toran above and kolam powder design at base step,North plot decorated door with toran overhead kolam at base and brass door knocker ring at center panel of door,South plot main door with toran and overhead deepam lamp lit during evening creating warm welcoming glow for visitors,East plot main door catching morning sun on toran making mango leaves glow golden creating auspicious entry light,West plot main door with small canopy over toran protecting decoration from afternoon rain and sun damage exposure,Toran and kolam at door are daily renewal rituals — fresh kolam each morning invites Lakshmi into home per tradition,Toran of fresh mango leaves above door handmade kolam at threshold and small brass oil lamp lit daily at door frame,Modern adaptation uses permanent decorative toran in brass or copper with rangoli sticker and electronic diya lamp,╔═ 🚪 ═╗,"2BHK,3BHK,4BHK",40
34,5,Grand Foyer,FOYER,0,1,1.5,2,SAME_WIDTH,Spacious entry hall with double-height ceiling statement lighting and gallery view creating impressive first interior,SEMI_PRIVATE → SEMI_PRIVATE,Grand floor medallion or compass pattern in marble marking center of foyer as architectural feature,Grand north foyer with double-height ceiling large deity niche on south wall and staircase partially visible beyond,Grand south foyer with clerestory north window bringing light into deep interior and accent wall on east side visible,Grand east foyer with morning light flooding through high east window and living room grand archway visible ahead,Grand west foyer with warm accent lighting compensating for western exposure and art display wall greeting visitors,Grand foyer must feel abundant — high ceiling and good lighting create prosperity impression per vastu entrance principles,Grand foyer with marble floor inlay teak staircase visible brass chandelier and large deity or nature painting on wall,Premium foyer with designer marble Italian chandelier accent art display and architectural feature staircase as backdrop,╔═══ GRAND FOYER ═══╗,4BHK,150
35,1,Main Gate,GATE,1,0,0.3,0.6,SAME_WIDTH,East-facing gate with morning sun highlighting house facade and traditional kolam visible at compound threshold,PUBLIC → PUBLIC,Gate pillar with east-facing deity niche receiving morning sun as first auspicious element,North gate alternative position at northeast corner for vastu compliance when road runs along both N and E sides,South gate at southeast corner for corner plots where south road is primary access with east road as secondary,East primary gate position with morning sun blessing entry and brass Ganesha image on right gate pillar face,West gate at northwest corner position when west road is primary with overhead sun shield for afternoon visitors,East-facing gate is most auspicious per vastu — morning sun energy enters home directly through primary opening,East gate with carved stone Ganesha on right pillar brass bell on left pillar and kolam at compound threshold,Modern east gate with backlit house number stainless steel Ganesha motif and automated swing mechanism,☼ GATE ═══,"2BHK,3BHK,4BHK",50
36,2,Garden Pathway,PATHWAY,0,1,2,4,NARROWER,Landscaped garden path with flowering plants on both sides creating fragrant approach to the house verandah,PUBLIC → PUBLIC,Natural stone stepping pathway through green lawn transitioning from paved compound to soft landscape,North garden path with jasmine and crossandra beds on both sides leading visitor through fragrant approach to home,South garden path with shade trees on west side creating cool corridor during afternoon approach to house entry,East garden path with morning-blooming flowers like jasmine and parijata creating aromatic dawn entry experience,West garden path with dense planting on west side creating natural screen against setting sun on the approach,Garden pathway slows the visitor creating mindful transition — rushing from gate to door is energetically harmful per vastu,Traditional garden with tulasi jasmine crossandra and curry leaf plants alongside granite stepping stone pathway,Modern landscaped path with native drought-resistant plants decorative gravel and solar-powered path bollard lights,🌿──→🌿,"3BHK,4BHK",120
37,3,Security Verandah,VERANDAH,1,0,1.5,1.8,SAME_WIDTH,Verandah with grille gate separating semi-public waiting area from private interior entry for security screening,PUBLIC → SEMI_PUBLIC,Grille gate with lock between verandah outer zone and main door inner zone for security layer,North security verandah with outer sitting zone and inner grille gate before main door for visitor screening,South security verandah with deep overhang protecting grille gate area from rain while visitor waits for entry,East security verandah with morning light in outer zone and shaded inner zone behind grille for privacy balance,West security verandah with solid west screen on outer edge and inner grille creating double-layer sun protection,Security grille at verandah creates protective boundary — unwanted energy is filtered before reaching main door per vastu,Wrought iron grille gate at verandah midpoint with lock and small speaking window for visitor identification,Modern security verandah with toughened glass partition video intercom and remote-controlled lock at grille gate,▓|GRILLE|▓,"2BHK,3BHK,4BHK",50
38,4,Side Entrance,MAIN_DOOR,0,1,0.15,0.2,NARROWER,Secondary family entrance from car porch or side pathway allowing private family entry bypassing formal front door,PUBLIC → SEMI_PRIVATE,Simple threshold step with no elaborate decoration marking informal family-only entry point,North house side door on east wall near car porch for quick family entry after parking without walking to front,South house side door on east side connecting car porch area to internal passage for convenient family access,East house side door on south wall allowing family entry from side garden or car porch avoiding formal east entry,West house side door on south side connecting service pathway to internal corridor for family and service dual use,Side entrance should not be larger or more prominent than main door — hierarchy of entries must be maintained per vastu,Simple side door in teak or plywood with basic lock and small overhead shelter for rain protection during entry,Modern side entrance with keypad lock or fingerprint access weather-sealed frame and minimal exterior lighting,╔ SIDE ╗,"3BHK,4BHK",80
39,5,Shoe Removal Area,TRANSITION,1,0,0.3,0.6,SAME_WIDTH,Designated space at entry threshold for removing footwear before entering the clean interior of the Tamil Nadu home,SEMI_PUBLIC → SEMI_PRIVATE,Floor level step of 50mm marking clean interior zone where shoes are not permitted beyond,North entry shoe area on verandah south edge near main door with built-in shoe rack niche in verandah wall,South entry shoe removal at verandah inner edge with overhead shelf and sitting ledge for comfortable removal,East entry shoe zone on verandah west edge bathed in morning light with traditional stone seat for foot washing,West entry shoe area on verandah east side with shade from afternoon sun and ventilated shoe storage cabinet,Shoes carry external impurities — removing them at threshold purifies the person before entering sacred home space per custom,Stone ledge at verandah edge for sitting during shoe removal with small brass water vessel for foot washing ritual,Modern shoe removal zone with sensor-lit shoe cabinet small bench with storage and anti-bacterial mat at threshold,👟 SHOES,"1BHK,2BHK,3BHK,4BHK",30
40,6,Living Prayer Corner,LIVING,1,0,3,3.6,WIDER,Living room with visible pooja alcove in northeast corner creating spiritual anchor within the primary social space,SEMI_PRIVATE → SEMI_PRIVATE,Pooja alcove archway visible from living entrance creating immediate sacred visual connection,North living with pooja in northeast corner receiving north and east light making deity illuminated during day,South living with pooja on northeast wall visible upon entering ensuring first interior view includes sacred space,East living with pooja in northeast naturally lit by morning sun through adjacent window creating golden deity glow,West living with pooja in northeast interior wall with dedicated accent light compensating for limited natural light,First view upon entering living should include sacred element — pooja visible from entry invites divine blessing per vastu,Northeast pooja alcove with carved wooden frame brass bell small brass lamp and fresh flower offering visible daily,Modern living pooja with backlit CNC-cut panel concealed LED deity lighting and minimalist stone shelf for offerings,╔═ LIVING + 🕉 ═╗,"1BHK,2BHK,3BHK,4BHK",30
41,7,Pantry Passage,TRANSITION,0,1,0.9,1.2,NARROWER,Walk-through pantry between dining and kitchen serving as both storage and transition space in premium homes,SERVICE → SERVICE,Shelving units on both sides of passage creating narrow walk-through with provisions visible,North house pantry passage on east side with shelves for vessels and provisions connecting dining to kitchen zone,South house pantry corridor with ventilated shelving for dry goods storage creating organized service transition,East house pantry passage receiving indirect light from kitchen window with systematic storage on both walls,West house pantry on east side of kitchen buffering cooking heat from dining area and providing ample storage,Pantry between dining and kitchen filters service activity from guest view — organized storage reflects household discipline,Traditional pantry with wooden shelving brass vessel storage rice bin niche and overhead spice hanging rack,Modern walk-through pantry with modular steel shelving pull-out baskets and organized container system on both sides,──PANTRY──→,"3BHK,4BHK",100
42,8,Upper Floor Landing,TRANSITION,0,1,1,1.5,SAME_WIDTH,Staircase landing on upper floor distributing access to bedrooms with natural light from stairwell or window,SEMI_PRIVATE → PRIVATE,Floor level change at landing with different flooring material marking upper private zone entry,North upper landing with north-facing stairwell window bringing diffused light and ventilation to circulation core,South upper landing with south window providing daylight with louver control for heat management in upper zone,East upper landing with morning light from east stairwell window creating bright start for upper floor circulation,West upper landing with frosted west window preventing direct sun while allowing diffused afternoon light through,Upper landing is mini-foyer of private floor — must be bright and ventilated connecting to all upper bedrooms per vastu,Upper landing with polished granite floor wooden handrail continuation small deity niche and overhead tube light,Modern landing with glass balustrade skylight or stairwell window accent wall and access to all upper floor rooms,═══ LANDING ═══,"2BHK,3BHK,4BHK",60
43,3,Rain-Protected Verandah,VERANDAH,1,0,1.5,2,SAME_WIDTH,Verandah designed for Tamil Nadu northeast monsoon with drainage channels and rain-resistant sitting arrangement,PUBLIC → SEMI_PUBLIC,Sloped verandah floor with drainage channel at outer edge preventing rainwater ingress to interior,North monsoon verandah with angled roof slope directing northeast monsoon rain away from sitting and entry zone,South monsoon verandah with extended overhang and side wall protecting from wind-driven rain during southwest season,East monsoon verandah most exposed to NE monsoon needs deep overhang and removable rain screen for storm protection,West monsoon verandah with solid parapet on west side blocking wind-driven rain during occasional western disturbances,Verandah must handle monsoon gracefully — water should never pool at threshold as stagnant water brings negative energy,Traditional monsoon verandah with sloped Mangalore tile roof deep overhang stone drip channel and raised plinth,Modern monsoon verandah with sloped composite roof retractable glass panels floor drain channel and raised entry step,▓▓ RAIN VERANDAH ▓▓,"1BHK,2BHK,3BHK,4BHK",30
44,1,Corner Plot Gate,GATE,1,0,0.4,0.7,WIDER,Corner plot with dual road frontage allowing gate position on either or both roads for maximum access flexibility,PUBLIC → PUBLIC,Corner pillar marking plot boundary intersection with gate on primary road per vastu recommendation,NE corner plot gate on north road with east road for service — north entry preferred per vastu for corner plots,SE corner plot gate on east road preferred over south — east entry brings morning energy into home layout approach,NE corner plot gate on east road with north as secondary — flexibility to choose most auspicious per vastu consultation,NW corner plot gate on north road preferred with west for service entrance — avoids west entry as primary approach,Corner plots have gate direction choice — vastu consultant determines primary entry based on owner birth star alignment,Corner plot gate with larger pillar at corner masonry compound wall on both roads and separate service gate on side road,Modern corner gate with architectural corner feature accent lighting on both road facades and automated primary gate,╔═ CORNER GATE ═╗,"2BHK,3BHK,4BHK",80
45,2,Accessible Pathway,PATHWAY,0,1,1.2,1.5,SAME_WIDTH,Ramp-accessible pathway from gate to verandah meeting universal design standards for wheelchair and elderly access,PUBLIC → PUBLIC,Gentle ramp at 1:12 slope replacing steps with anti-skid surface and handrail for assisted movement,North accessible path with gentle ramp slope from gate level to verandah eliminating all step barriers for wheelchairs,South accessible ramp pathway with shade canopy overhead protecting elderly and wheelchair users from sun exposure,East accessible path with non-glare surface preventing morning sun reflection causing visual difficulty for users,West accessible pathway with anti-skid surface and side handrail providing secure movement in shaded west approach,Accessible home welcomes all — removing barriers at entry allows positive energy for every visitor regardless of ability,Ramp pathway with stone handrail gentle slope and wide turning space at verandah level for traditional TN accessibility,Modern accessible path with anti-skid porcelain ramp stainless steel handrail tactile paving and automatic door option,♿ ──→ RAMP,"2BHK,3BHK,4BHK",60
46,6,Double-Height Living,LIVING,0,1,4,4.8,WIDER,Dramatic double-height living room with mezzanine or gallery above creating grand spatial volume and light cathedral,SEMI_PRIVATE → SEMI_PRIVATE,Full double-height wall with clerestory windows and gallery railing visible above as spatial drama,North double-height living with full north wall clerestory flooding space with even diffused daylight all day long,South double-height living with north-facing clerestory above and south wall kept solid for thermal mass in TN heat,East double-height living with east clerestory receiving dramatic morning light beam tracking across floor through day,West double-height living with east-facing clerestory only and west wall solid to prevent afternoon heat gain above,Double-height space amplifies positive energy — vastly increases brahmasthan influence making living a spiritual center,Double-height with carved teak gallery railing brass chandelier on chain and large deity painting on feature wall,Contemporary double-height with glass gallery railing designer pendant cluster feature stone wall and skylight accent,╔═══ LIVING ═══╗ (2H),4BHK,150
47,7,Formal Dining Room,TRANSITION,0,1,3,3.6,SAME_WIDTH,Separate formal dining room with table for eight or more used for family occasions and guest entertainment meals,SEMI_PRIVATE → SERVICE,Formal archway with pillar detail separating grand dining from living creating distinct meal space,North formal dining on south side of living with kitchen serving door on east wall and display unit on north wall,South formal dining on west side with controlled light through high windows and kitchen access on south wall near SE,East formal dining with morning light through east window making breakfast and lunch visually bright and appetizing,West formal dining on east side of house away from west heat with kitchen access through east or south side passage,Separate dining room for guests shows prosperity — family that feeds guests abundantly receives blessings per tradition,Formal dining with large teak table carved wooden chairs brass plate display shelf and overhead traditional chandelier,Premium dining room with designer table Italian marble server cabinet wine cooler unit and pendant lighting cluster,╔═══ FORMAL DINING ═══╗,4BHK,120
48,8,Wing Distributor,TRANSITION,0,1,1.2,1.5,WIDER,Junction point where corridor splits into two bedroom wings distributing private zone into separate quiet clusters,SEMI_PRIVATE → PRIVATE,T-junction or Y-junction in corridor with different wing indicators and subtle directional lighting,North 4BHK wing split with master suite wing toward southwest and children bedroom wing toward southeast for separation,South 4BHK distributor sending master wing to west side and guest or children wing to north side of private zone,East 4BHK wing junction with master suite heading southwest and secondary bedrooms heading south away from entry,West 4BHK distributor at corridor center splitting master wing southwest and children wing southeast for quiet zoning,Wing separation ensures acoustic privacy between generations — parents and children bedrooms should not share walls per vastu,Junction point with small deity niche accent wall family photo display and two corridor branches with different lighting,Modern wing distributor with accent lighting different wall colors per wing smart panels and acoustic-rated partition walls,═╤═ WING SPLIT,4BHK,150
49,5,Pooja Threshold,TRANSITION,0,1,0.3,0.5,NARROWER,Sacred pause point where entry axis passes pooja room creating spiritual moment before entering main living space,SEMI_PRIVATE → SEMI_PRIVATE,Pooja room door or niche visible at transition point creating sacred visual at interior threshold,North house pooja threshold at northeast with deity visible as one enters creating auspicious first interior connection,South house pooja visible on northeast wall at transition point from entry to living marking spiritual boundary,East house pooja in direct line with morning entry light — deity illuminated naturally as person crosses threshold,West house pooja at transition with dedicated lamp ensuring sacred visual even in limited western natural light,Seeing deity at entry transition purifies the mind — spiritual first-view sets positive tone for entire home experience,Small pooja niche at entry transition with brass frame oil lamp incense holder and fresh flower garland daily renewed,Modern pooja display at transition with backlit deity panel aromatic diffuser and minimalist offering shelf design,🕉 SACRED PAUSE,"2BHK,3BHK,4BHK",40
50,3,Apartment Balcony Entry,VERANDAH,1,0,0.9,1.2,NARROWER,Apartment front balcony serving as verandah equivalent in multi-story buildings providing transitional outdoor space,PUBLIC → SEMI_PUBLIC,Balcony threshold with sliding door and floor level change marking apartment entry outdoor zone,North apartment balcony facing north road with railing seating and main door adjacent for compact entry sequence,South apartment balcony with overhead floor above providing shade and main door recessed for rain protection,East apartment balcony receiving morning sun providing bright welcoming entry space for flat residents and visitors,West apartment balcony with sun-control film on glass and potted plants creating natural shade screen at entry,Apartment balcony at entry serves same vastu purpose as traditional verandah — provides buffer between outside and home,Small balcony with kolam space potted tulasi plant shoe rack and overhead clothesline in traditional TN apartment,Modern apartment balcony with composite deck glass railing designer planter and concealed shoe storage unit at entry,▓ BALCONY ▓,"1BHK,2BHK",
