material_id,material_name,material_category,subcategory,application,unit,cost_per_unit_inr_low,cost_per_unit_inr_high,cost_per_unit_inr_avg,districts_available,districts_expensive,thermal_performance,climate_zone_suitability,sustainability_rating,baker_recommended,local_availability,carbon_footprint,skill_level_required,typical_thickness_mm,compressive_strength_mpa,thermal_conductivity_w_mk,water_resistance,maintenance_frequency,lifespan_years,nbc_approved,is_load_bearing,wall_drawing_color_hex,hatch_pattern,notes
1,Ariyalur Red Brick (Standard),MASONRY,Fired Clay Brick,Exterior and interior load-bearing wall,per_piece,7,10,8.5,"Ariyalur,Perambalur,Tiruchirappalli","Chennai,Kanniyakumari,Nilgiris",GOOD,"Hot_Humid,Hot_Dry,Warm_Humid",3,1,LOCALLY_SOURCED,MEDIUM,SEMI_SKILLED,230,7.5,0.81,AVERAGE,10_YEARS,80,1,1,#D4B483,////,Traditional TN brick; soak for 24hrs before use. Best for hot humid coastal climate. Rat-trap bond reduces cost 25%.
2,Ariyalur Red Brick (Premium Grade),MASONRY,Fired Clay Brick,Exterior and interior load-bearing wall,per_piece,9,13,11,"Ariyalur,Perambalur,Tiruchirappalli","Chennai,Nilgiris",GOOD,"Hot_Humid,Hot_Dry,Warm_Humid",3,1,LOCALLY_SOURCED,MEDIUM,SEMI_SKILLED,230,7.5,0.81,AVERAGE,10_YEARS,80,1,1,#D4B483,////,Traditional TN brick; soak for 24hrs before use. Best for hot humid coastal climate. Rat-trap bond reduces cost 25%.
3,Ariyalur Table Moulded Brick,MASONRY,Fired Clay Brick,Exterior and interior load-bearing wall,per_piece,8,11,9.5,"Ariyalur,Perambalur","Chennai,Coimbatore,Madurai",GOOD,"Hot_Humid,Hot_Dry,Warm_Humid",3,1,LOCALLY_SOURCED,MEDIUM,SEMI_SKILLED,230,7.5,0.81,AVERAGE,10_YEARS,80,1,1,#D4B483,////,Traditional TN brick; soak for 24hrs before use. Best for hot humid coastal climate. Rat-trap bond reduces cost 25%.
4,Tiruchirappalli Wire-Cut Brick,MASONRY,Fired Clay Brick,Exterior and interior load-bearing wall,per_piece,9,14,11.5,"Tiruchirappalli,Ariyalur,Pudukkottai","Chennai,Nilgiris",GOOD,"Hot_Humid,Hot_Dry,Warm_Humid",3,1,LOCALLY_SOURCED,MEDIUM,SEMI_SKILLED,230,7.5,0.81,AVERAGE,10_YEARS,80,1,1,#D4B483,////,Traditional TN brick; soak for 24hrs before use. Best for hot humid coastal climate. Rat-trap bond reduces cost 25%.
5,Villupuram Red Country Brick,MASONRY,Fired Clay Brick,Exterior and interior load-bearing wall,per_piece,6.5,9.5,8,"Viluppuram,Cuddalore,Kallakurichi","Nilgiris,Thoothukudi",GOOD,"Hot_Humid,Hot_Dry,Warm_Humid",3,1,LOCALLY_SOURCED,MEDIUM,SEMI_SKILLED,230,7.5,0.81,AVERAGE,10_YEARS,80,1,1,#D4B483,////,Traditional TN brick; soak for 24hrs before use. Best for hot humid coastal climate. Rat-trap bond reduces cost 25%.
6,Kanchipuram Hand-Moulded Brick,MASONRY,Fired Clay Brick,Exterior and interior load-bearing wall,per_piece,7,10,8.5,"Kanchipuram,Chengalpattu,Tiruvallur","Nilgiris,Tirunelveli",GOOD,"Hot_Humid,Hot_Dry,Warm_Humid",3,1,LOCALLY_SOURCED,MEDIUM,SEMI_SKILLED,230,7.5,0.81,AVERAGE,10_YEARS,80,1,1,#D4B483,////,Traditional TN brick; soak for 24hrs before use. Best for hot humid coastal climate. Rat-trap bond reduces cost 25%.
7,Thanjavur Delta Brick,MASONRY,Fired Clay Brick,Exterior and interior load-bearing wall,per_piece,6,9,7.5,"Thanjavur,Nagapattinam,Mayiladuthurai","Nilgiris,Coimbatore",GOOD,"Hot_Humid,Hot_Dry,Warm_Humid",3,1,LOCALLY_SOURCED,MEDIUM,SEMI_SKILLED,230,7.5,0.81,AVERAGE,10_YEARS,80,1,1,#D4B483,////,Traditional TN brick; soak for 24hrs before use. Best for hot humid coastal climate. Rat-trap bond reduces cost 25%.
8,Sivaganga Red Brick,MASONRY,Fired Clay Brick,Exterior and interior load-bearing wall,per_piece,6.5,9,7.75,"Sivaganga,Ramanathapuram,Pudukkottai","Chennai,Nilgiris",GOOD,"Hot_Humid,Hot_Dry,Warm_Humid",3,1,LOCALLY_SOURCED,MEDIUM,SEMI_SKILLED,230,7.5,0.81,AVERAGE,10_YEARS,80,1,1,#D4B483,////,Traditional TN brick; soak for 24hrs before use. Best for hot humid coastal climate. Rat-trap bond reduces cost 25%.
9,Madurai Kiln Brick (First Class),MASONRY,Fired Clay Brick,Exterior and interior load-bearing wall,per_piece,8,12,10,"Madurai,Dindigul,Theni","Nilgiris,Chennai",GOOD,"Hot_Humid,Hot_Dry,Warm_Humid",3,1,LOCALLY_SOURCED,MEDIUM,SEMI_SKILLED,230,7.5,0.81,AVERAGE,10_YEARS,80,1,1,#D4B483,////,Traditional TN brick; soak for 24hrs before use. Best for hot humid coastal climate. Rat-trap bond reduces cost 25%.
10,Salem Red Brick,MASONRY,Fired Clay Brick,Exterior and interior load-bearing wall,per_piece,7,10.5,8.75,"Salem,Namakkal,Erode","Nilgiris,Chennai",GOOD,"Hot_Humid,Hot_Dry,Warm_Humid",3,1,LOCALLY_SOURCED,MEDIUM,SEMI_SKILLED,230,7.5,0.81,AVERAGE,10_YEARS,80,1,1,#D4B483,////,Traditional TN brick; soak for 24hrs before use. Best for hot humid coastal climate. Rat-trap bond reduces cost 25%.
11,Ennore Fly Ash Brick (Standard),MASONRY,Fly Ash Brick,Non-load-bearing partition and infill wall,per_piece,5,7.5,6.25,"Chennai,Tiruvallur,Chengalpattu,Kanchipuram","Nilgiris,Tirunelveli,Thoothukudi",GOOD,"Hot_Humid,Hot_Dry,Composite,Warm_Humid",4,0,MANUFACTURED,LOW,SEMI_SKILLED,200,9,0.52,GOOD,10_YEARS,75,1,0,#C8C8C8,...,Lighter than red brick. No curing needed. Uniform shape reduces plaster thickness. Good for TN's humid climate.
12,Tuticorin Fly Ash Brick,MASONRY,Fly Ash Brick,Non-load-bearing partition and infill wall,per_piece,5.5,8,6.75,"Thoothukudi,Tirunelveli,Tenkasi,Virudhunagar","Nilgiris,Chennai",GOOD,"Hot_Humid,Hot_Dry,Composite,Warm_Humid",4,0,MANUFACTURED,LOW,SEMI_SKILLED,200,8.5,0.52,GOOD,10_YEARS,75,1,0,#C8C8C8,...,Lighter than red brick. No curing needed. Uniform shape reduces plaster thickness. Good for TN's humid climate.
13,Mettur Fly Ash Brick,MASONRY,Fly Ash Brick,Non-load-bearing partition and infill wall,per_piece,5,7,6,"Salem,Namakkal,Erode,Dharmapuri","Chennai,Nilgiris",GOOD,"Hot_Humid,Hot_Dry,Composite,Warm_Humid",4,0,MANUFACTURED,LOW,SEMI_SKILLED,200,9,0.52,GOOD,10_YEARS,75,1,0,#C8C8C8,...,Lighter than red brick. No curing needed. Uniform shape reduces plaster thickness. Good for TN's humid climate.
14,Neyveli Fly Ash Brick,MASONRY,Fly Ash Brick,Non-load-bearing partition and infill wall,per_piece,4.5,7,5.75,"Cuddalore,Viluppuram,Kallakurichi,Ariyalur","Nilgiris,Kanniyakumari",GOOD,"Hot_Humid,Hot_Dry,Composite,Warm_Humid",4,0,MANUFACTURED,LOW,SEMI_SKILLED,200,8,0.52,GOOD,10_YEARS,75,1,0,#C8C8C8,...,Lighter than red brick. No curing needed. Uniform shape reduces plaster thickness. Good for TN's humid climate.
15,Fly Ash Brick (Interlock Type),MASONRY,Fly Ash Brick,Non-load-bearing partition and infill wall,per_piece,8,12,10,"Chennai,Coimbatore,Madurai,Tiruchirappalli",Nilgiris,GOOD,"Hot_Humid,Hot_Dry,Composite,Warm_Humid",4,0,MANUFACTURED,LOW,SEMI_SKILLED,200,10,0.52,GOOD,10_YEARS,75,1,0,#C8C8C8,...,Lighter than red brick. No curing needed. Uniform shape reduces plaster thickness. Good for TN's humid climate.
16,AAC Block 600x200x150mm (4-inch),MASONRY,AAC Block,Infill wall in RCC frame structure,per_piece,42,55,48.5,ALL,"Nilgiris,Ramanathapuram,Kanniyakumari",EXCELLENT,"Hot_Humid,Hot_Dry,Composite,Warm_Humid",4,0,MANUFACTURED,LOW,SEMI_SKILLED,150,4,0.16,POOR,10_YEARS,60,1,0,#E8E0D0,...,"Excellent thermal insulation for TN heat. Needs waterproof coating in coastal areas. Use AAC adhesive, not cement mortar."
17,AAC Block 600x200x200mm (8-inch),MASONRY,AAC Block,Infill wall in RCC frame structure,per_piece,55,72,63.5,ALL,"Nilgiris,Ramanathapuram,Kanniyakumari",EXCELLENT,"Hot_Humid,Hot_Dry,Composite,Warm_Humid",4,0,MANUFACTURED,LOW,SEMI_SKILLED,200,4,0.16,POOR,10_YEARS,60,1,0,#E8E0D0,...,"Excellent thermal insulation for TN heat. Needs waterproof coating in coastal areas. Use AAC adhesive, not cement mortar."
18,AAC Block 600x200x100mm (Partition),MASONRY,AAC Block,Infill wall in RCC frame structure,per_piece,32,42,37,ALL,"Nilgiris,Ramanathapuram,Kanniyakumari",EXCELLENT,"Hot_Humid,Hot_Dry,Composite,Warm_Humid",4,0,MANUFACTURED,LOW,SEMI_SKILLED,100,3.5,0.16,POOR,10_YEARS,60,1,0,#E8E0D0,...,"Excellent thermal insulation for TN heat. Needs waterproof coating in coastal areas. Use AAC adhesive, not cement mortar."
19,AAC Block 600x200x230mm (9-inch Wall),MASONRY,AAC Block,Infill wall in RCC frame structure,per_piece,65,85,75,ALL,"Nilgiris,Ramanathapuram,Kanniyakumari",EXCELLENT,"Hot_Humid,Hot_Dry,Composite,Warm_Humid",4,0,MANUFACTURED,LOW,SEMI_SKILLED,230,4,0.16,POOR,10_YEARS,60,1,0,#E8E0D0,...,"Excellent thermal insulation for TN heat. Needs waterproof coating in coastal areas. Use AAC adhesive, not cement mortar."
20,Charnockite Granite Rubble (Uncoursed),MASONRY,Granite Rubble,Foundation wall and compound wall,cum,2800,4200,3500,"Madurai,Dindigul,Theni,Krishnagiri,Dharmapuri,Salem","Chennai,Tiruvallur",GOOD,"Hot_Humid,Hot_Dry,Composite",4,1,LOCALLY_SOURCED,VERY_LOW,SKILLED,450,60,2.9,EXCELLENT,NONE,150,1,1,#8B8680,OO,Abundant in TN granitic terrain. Baker-style random rubble uses 40% less cement. Excellent for foundations in black cotton soil.
21,Granite Rubble (Coursed),MASONRY,Granite Rubble,Load-bearing exterior wall up to G+1,cum,3500,5000,4250,"Madurai,Krishnagiri,Dharmapuri,Salem,Namakkal","Chennai,Kanchipuram",GOOD,"Hot_Humid,Hot_Dry,Composite",5,1,LOCALLY_SOURCED,VERY_LOW,SKILLED,450,65,2.9,EXCELLENT,NONE,200,1,1,#9C9488,OO,Traditional TN construction. Requires skilled mason for proper bonding. Can be exposed finish—no plaster needed.
22,Laterite Stone Block (Malabar Type),MASONRY,Laterite Stone,Load-bearing wall and compound wall,per_piece,25,40,32.5,"Kanniyakumari,Tirunelveli,Tenkasi,Nilgiris","Chennai,Tiruchirappalli,Madurai",EXCELLENT,"Hot_Humid,Warm_Humid",5,1,LOCALLY_SOURCED,VERY_LOW,SEMI_SKILLED,200,3.5,0.52,GOOD,10_YEARS,100,1,1,#C4663A,+++,Available in southern TN near Kerala border. Hardens with exposure to air. Baker's preferred material. Naturally cool.
23,Stabilized Mud Block (CSEB 5%),MASONRY,Compressed Stabilized Earth Block,Load-bearing wall for single-storey buildings,per_piece,12,18,15,"Tiruchirappalli,Ariyalur,Pudukkottai,Dindigul,Madurai",,EXCELLENT,"Hot_Dry,Composite",5,1,LOCALLY_SOURCED,VERY_LOW,SEMI_SKILLED,230,5,0.6,POOR,5_YEARS,50,1,1,#B8860B,xxx,Auroville-pioneered technology. 5% cement stabilization. Needs waterproof coating in coastal TN. Interlocking version saves mortar.
24,Stabilized Mud Block (CSEB 8%),MASONRY,Compressed Stabilized Earth Block,Load-bearing wall up to G+1,per_piece,15,22,18.5,"Tiruchirappalli,Ariyalur,Pudukkottai,Dindigul,Viluppuram",,EXCELLENT,"Hot_Dry,Composite,Hot_Humid",4,1,LOCALLY_SOURCED,LOW,SEMI_SKILLED,230,7,0.65,AVERAGE,5_YEARS,60,1,1,#C49A3C,xxx,Higher cement for wet zones. Can be used for G+1 with proper RCC bands. Surface can be exposed with linseed oil finish.
25,CSEB Interlocking Block (Auroville Type),MASONRY,Compressed Stabilized Earth Block,Mortarless wall construction,per_piece,18,28,23,"Viluppuram,Cuddalore,Tiruchirappalli,Madurai","Chennai,Coimbatore",EXCELLENT,"Hot_Dry,Composite",5,1,LOCALLY_SOURCED,VERY_LOW,SKILLED,230,6,0.58,POOR,5_YEARS,50,1,1,#A0784C,xxx,Interlocking design eliminates mortar. Pioneered by Auroville Earth Institute near Puducherry. Not for coastal wet zones without protection.
26,Hollow Concrete Block 400x200x200mm,MASONRY,Concrete Block,Partition wall and compound wall,per_piece,35,50,42.5,ALL,,AVERAGE,"Hot_Humid,Hot_Dry,Composite,Warm_Humid",3,0,MANUFACTURED,MEDIUM,SEMI_SKILLED,200,5,1,AVERAGE,10_YEARS,60,1,0,#B0B0B0,...,Widely available across TN. Hollow core provides some insulation. Reinforce hollow cores with steel for seismic zones.
27,Solid Concrete Block 400x200x200mm,MASONRY,Concrete Block,Load-bearing wall and retaining wall,per_piece,45,65,55,ALL,,POOR,"Hot_Humid,Hot_Dry,Composite,Warm_Humid",2,0,MANUFACTURED,HIGH,SEMI_SKILLED,200,8,1.44,GOOD,10_YEARS,70,1,1,#A0A0A0,...,Heavy; needs stronger foundation. Good for retaining walls in sloped TN terrain. Use insulation layer in hot districts.
28,Porotherm Clay Block 400x200x200mm,MASONRY,Hollow Clay Block,Infill wall in RCC frame,per_piece,55,75,65,"Chennai,Coimbatore,Madurai,Tiruchirappalli","Nilgiris,Ramanathapuram,Kanniyakumari",EXCELLENT,"Hot_Humid,Hot_Dry,Composite,Warm_Humid",3,0,MANUFACTURED,MEDIUM,SEMI_SKILLED,200,3.5,0.22,AVERAGE,10_YEARS,60,1,0,#D9A066,////,Wienerberger product. Excellent thermal performance for TN summers. Reduces plastering thickness. Available in major TN cities.
29,RCC Flat Roof Slab (M25 Grade),ROOFING,RCC Slab,Flat roof for multi-storey residential,sqm,1800,2600,2200,ALL,,POOR,"Hot_Humid,Hot_Dry,Composite,Warm_Humid",2,0,MANUFACTURED,VERY_HIGH,SKILLED,125,25,1.58,GOOD,10_YEARS,80,1,,#808080,\\\\,Standard TN urban construction. Add weathering course and heat reflective paint. Min 125mm for residential.
30,RCC Flat Roof Slab (M20 Grade),ROOFING,RCC Slab,Flat roof for G+1 residential,sqm,1500,2200,1850,ALL,,POOR,"Hot_Humid,Hot_Dry,Composite,Warm_Humid",2,0,MANUFACTURED,VERY_HIGH,SKILLED,115,20,1.58,GOOD,10_YEARS,75,1,,#888888,\\\\,M20 adequate for spans up to 4m in residential. Use SRC (Steel Reinforced Concrete) tables for bar calculation.
31,Mangalore Clay Roof Tile,ROOFING,Clay Tile,Sloped roof 22-30 degree pitch,sqm,180,280,230,ALL,,EXCELLENT,"Hot_Humid,Warm_Humid",4,1,REGIONALLY_SOURCED,LOW,SKILLED,12,,0.84,GOOD,5_YEARS,50,1,,#B85C38,////,Traditional TN roofing. Excellent ventilation with ridge openings. Needs timber/steel truss. Replace broken tiles periodically.
32,Traditional Country Clay Tile (Nattukkal),ROOFING,Clay Tile,Sloped roof traditional residential,sqm,120,180,150,"Thanjavur,Nagapattinam,Tiruchirappalli,Madurai,Sivaganga","Chennai,Coimbatore",EXCELLENT,"Hot_Humid,Warm_Humid",5,1,LOCALLY_SOURCED,VERY_LOW,SKILLED,10,,0.81,AVERAGE,ANNUAL,30,1,,#A0522D,////,Handmade in delta districts. Cheapest roofing but needs annual maintenance. Double-layer installation recommended.
33,Calicut Tile (Half-Round),ROOFING,Clay Tile,Sloped roof for coastal residential,sqm,200,320,260,"Kanniyakumari,Tirunelveli,Tenkasi","Chennai,Tiruchirappalli",EXCELLENT,"Hot_Humid,Warm_Humid",4,1,REGIONALLY_SOURCED,LOW,SKILLED,12,,0.84,GOOD,5_YEARS,45,1,,#C0603C,////,Popular in southern TN from Kerala influence. Good rain drainage. Use with bamboo or timber purlins for Baker style.
34,Filler Slab Roof (Mangalore Tile Filler),ROOFING,Filler Slab,Flat roof with thermal comfort,sqm,1200,1800,1500,ALL,,GOOD,"Hot_Humid,Hot_Dry,Composite,Warm_Humid",4,1,MANUFACTURED,MEDIUM,SPECIALIST,115,15,0.65,GOOD,10_YEARS,70,1,,#A08060,xxxx,Baker's signature technique. Replace 40% concrete with clay tiles. Saves steel and cement. CLC can be used as filler too.
35,Filler Slab Roof (Coconut Shell Filler),ROOFING,Filler Slab,Flat roof eco-friendly construction,sqm,1100,1600,1350,"Thanjavur,Nagapattinam,Tirunelveli,Kanniyakumari","Chennai,Salem",GOOD,"Hot_Humid,Warm_Humid",5,1,LOCALLY_SOURCED,LOW,SPECIALIST,115,12,0.55,AVERAGE,10_YEARS,60,1,,#8B6914,xxxx,Uses coconut shells from TN's coconut belt. Lightweight filler. Add waterproofing in coastal districts.
36,Filler Slab Roof (Earthen Pot Filler),ROOFING,Filler Slab,Flat roof for individual house,sqm,1150,1700,1425,ALL,,EXCELLENT,"Hot_Humid,Hot_Dry,Composite",5,1,LOCALLY_SOURCED,LOW,SPECIALIST,150,12,0.45,AVERAGE,10_YEARS,60,1,,#B88040,xxxx,Inverted earthen pots create air cavities. Excellent insulation for TN heat. Potter community supplies pots.
37,Jack Arch Roof (Brick),ROOFING,Jack Arch,Flat roof traditional construction,sqm,900,1400,1150,"Chennai,Tiruchirappalli,Madurai,Thanjavur","Nilgiris,Coimbatore",GOOD,"Hot_Humid,Hot_Dry",4,1,LOCALLY_SOURCED,LOW,SPECIALIST,115,10,0.7,AVERAGE,10_YEARS,80,1,,#CC8844,////,Traditional TN flat roof. Steel joists with brick arches. No centering needed. Good for spans up to 1.5m.
38,ZBAS Micro-Concrete Tile (MCR),ROOFING,Micro-Concrete Tile,Sloped roof for affordable housing,sqm,250,380,315,ALL,,GOOD,"Hot_Humid,Hot_Dry,Composite,Warm_Humid",3,0,MANUFACTURED,MEDIUM,SKILLED,12,,0.72,GOOD,5_YEARS,40,1,,#909090,----,Developed by Shelter Associates. Good for mass housing. Can be made at site with MCR machine.
39,Galvanized Iron Sheet Roof (0.5mm),ROOFING,Metal Sheet,Sloped roof and temporary structure,sqm,280,400,340,ALL,,POOR,Hot_Dry,2,0,MANUFACTURED,HIGH,SEMI_SKILLED,0.5,,58,EXCELLENT,5_YEARS,20,1,,#C0C0C0,----,Cheap but extremely hot in TN summers. Add false ceiling with insulation. Noise during monsoon rain.
40,Colour Coated Steel Sheet Roof (0.45mm),ROOFING,Metal Sheet,Sloped roof modern residential,sqm,350,520,435,ALL,,POOR,"Hot_Dry,Composite",2,0,MANUFACTURED,HIGH,SEMI_SKILLED,0.45,,52,EXCELLENT,5_YEARS,25,1,,#4682B4,----,Better than GI sheet with polymer coating. Use insulation underneath. Tata/JSW brands available across TN.
41,Polycarbonate Sheet Roof (Translucent),ROOFING,Polycarbonate Sheet,Carport and staircase canopy,sqm,450,700,575,ALL,,POOR,"Hot_Humid,Warm_Humid",2,0,MANUFACTURED,HIGH,SEMI_SKILLED,6,,0.2,EXCELLENT,5_YEARS,15,1,,,,For daylighting in carports and stairwells. UV-protected grade mandatory in TN. Gets brittle after 10 years.
42,Bamboo Mat Board Roof Panel,ROOFING,Bamboo Panel,Sloped roof eco-friendly construction,sqm,200,350,275,"Tirunelveli,Tenkasi,Kanniyakumari,Nilgiris,Dindigul","Chennai,Tiruchirappalli",GOOD,"Hot_Humid,Warm_Humid",5,1,LOCALLY_SOURCED,VERY_LOW,SPECIALIST,25,,0.17,POOR,ANNUAL,15,0,,#D2B48C,||||,Bamboo from southern TN hills. Needs resin treatment and waterproof layer. Excellent insulation. Short lifespan.
43,RCC Waffle Slab Roof,ROOFING,RCC Slab,Large span flat roof residential,sqm,2200,3200,2700,ALL,,AVERAGE,"Hot_Humid,Hot_Dry,Composite,Warm_Humid",2,0,MANUFACTURED,VERY_HIGH,SPECIALIST,200,25,1.1,GOOD,10_YEARS,80,1,,#707070,\\\\,For large spans without beams. Complex formwork. Ribs create aesthetic ceiling pattern. Used in premium TN homes.
44,Black Galaxy Granite Floor Tile (Polished),FLOORING,Granite,Living room and formal areas,sqm,850,1400,1125,"Krishnagiri,Dharmapuri,Salem","Kanniyakumari,Ramanathapuram",AVERAGE,"Hot_Humid,Hot_Dry,Composite,Warm_Humid",3,0,LOCALLY_SOURCED,MEDIUM,SKILLED,18,180,2.9,EXCELLENT,NONE,100,1,,,,TN is India's largest granite producer. Source from Krishnagiri/Dharmapuri belt for best prices.
45,Tan Brown Granite Floor Tile,FLOORING,Granite,Ground floor and porch,sqm,550,900,725,"Krishnagiri,Dharmapuri,Salem,Madurai","Kanniyakumari,Nilgiris",AVERAGE,"Hot_Humid,Hot_Dry,Composite,Warm_Humid",3,0,LOCALLY_SOURCED,MEDIUM,SKILLED,18,170,2.9,EXCELLENT,NONE,100,1,,,,TN is India's largest granite producer. Source from Krishnagiri/Dharmapuri belt for best prices.
46,Imperial Red Granite Floor,FLOORING,Granite,Temple and traditional residential,sqm,650,1100,875,"Krishnagiri,Dharmapuri","Chennai,Tirunelveli",AVERAGE,"Hot_Humid,Hot_Dry,Composite,Warm_Humid",3,0,LOCALLY_SOURCED,MEDIUM,SKILLED,18,175,2.9,EXCELLENT,NONE,100,1,,,,TN is India's largest granite producer. Source from Krishnagiri/Dharmapuri belt for best prices.
47,Steel Grey Granite Floor (Flamed),FLOORING,Granite,Bathroom and wet area flooring,sqm,500,800,650,"Salem,Krishnagiri,Dharmapuri,Madurai",Nilgiris,AVERAGE,"Hot_Humid,Hot_Dry,Composite,Warm_Humid",3,0,LOCALLY_SOURCED,MEDIUM,SKILLED,20,180,2.9,EXCELLENT,NONE,100,1,,,,TN is India's largest granite producer. Source from Krishnagiri/Dharmapuri belt for best prices.
48,Multicolor Granite Rough Finish,FLOORING,Granite,Outdoor patio and car porch,sqm,400,650,525,"Salem,Madurai,Krishnagiri,Erode",Nilgiris,AVERAGE,"Hot_Humid,Hot_Dry,Composite,Warm_Humid",3,0,LOCALLY_SOURCED,MEDIUM,SKILLED,20,160,2.9,EXCELLENT,NONE,100,1,,,,TN is India's largest granite producer. Source from Krishnagiri/Dharmapuri belt for best prices.
49,Cuddapah Black Stone Floor (Natural),FLOORING,Cuddapah Stone,Traditional pooja room and sit-out,sqm,350,550,450,ALL,,GOOD,"Hot_Humid,Hot_Dry,Composite,Warm_Humid",4,1,REGIONALLY_SOURCED,LOW,SKILLED,25,45,1.3,GOOD,5_YEARS,80,1,,,,"Sourced from Andhra. Naturally cool surface—ideal for TN heat. Lime stone, not granite."
50,Cuddapah Stone Floor (Polished),FLOORING,Cuddapah Stone,Living room and bedroom,sqm,450,700,575,ALL,,GOOD,"Hot_Humid,Hot_Dry,Composite,Warm_Humid",4,1,REGIONALLY_SOURCED,LOW,SKILLED,20,45,1.3,GOOD,5_YEARS,80,1,,,,"Sourced from Andhra. Naturally cool surface—ideal for TN heat. Lime stone, not granite."
51,Athangudi Handmade Tile (Traditional),FLOORING,Athangudi Tile,Living room and courtyard,sqm,250,450,350,"Sivaganga,Ramanathapuram,Pudukkottai","Chennai,Coimbatore,Salem",GOOD,"Hot_Humid,Hot_Dry",5,1,LOCALLY_SOURCED,VERY_LOW,SPECIALIST,15,,0.8,POOR,5_YEARS,40,1,,,,UNESCO-recognized craft from Karaikudi. Each tile handmade with mineral oxides. Seal with wax for longevity.
52,Athangudi Tile (Premium Heritage Pattern),FLOORING,Athangudi Tile,Heritage home and courtyard,sqm,400,700,550,"Sivaganga,Ramanathapuram","Chennai,Coimbatore,Salem,Erode",GOOD,"Hot_Humid,Hot_Dry",5,1,LOCALLY_SOURCED,VERY_LOW,SPECIALIST,15,,0.8,POOR,5_YEARS,40,1,,,,UNESCO-recognized craft from Karaikudi. Each tile handmade with mineral oxides. Seal with wax for longevity.
53,Athangudi Tile (Modern Geometric),FLOORING,Athangudi Tile,Interior feature wall and flooring,sqm,350,600,475,"Sivaganga,Ramanathapuram,Pudukkottai","Chennai,Coimbatore",GOOD,"Hot_Humid,Hot_Dry",5,1,LOCALLY_SOURCED,VERY_LOW,SPECIALIST,15,,0.8,POOR,5_YEARS,40,1,,,,UNESCO-recognized craft from Karaikudi. Each tile handmade with mineral oxides. Seal with wax for longevity.
54,Sivakasi Mosaic Floor Tile,FLOORING,Mosaic Tile,Kitchen and utility area,sqm,150,250,200,"Virudhunagar,Sivaganga,Madurai,Tirunelveli","Chennai,Nilgiris",AVERAGE,"Hot_Humid,Hot_Dry,Composite,Warm_Humid",3,0,REGIONALLY_SOURCED,MEDIUM,SEMI_SKILLED,20,,1.1,GOOD,10_YEARS,50,1,,,,Sivakasi and Virudhunagar are TN mosaic tile hubs. Terrazzo technique with marble chips.
55,Vitrified Tile 600x600mm (Glossy),FLOORING,Vitrified Tile,Living room and bedroom,sqm,350,650,500,ALL,,POOR,"Hot_Humid,Hot_Dry,Composite,Warm_Humid",2,0,MANUFACTURED,HIGH,SEMI_SKILLED,10,35,1.3,EXCELLENT,NONE,40,1,,,,"Standard vitrified/ceramic tile from Morbi, Gujarat. Wide range of finishes. Cool tile variants available for TN."
56,Vitrified Tile 600x1200mm (Double Charge),FLOORING,Vitrified Tile,Living room premium finish,sqm,500,900,700,ALL,,POOR,"Hot_Humid,Hot_Dry,Composite,Warm_Humid",2,0,MANUFACTURED,HIGH,SKILLED,10,40,1.3,EXCELLENT,NONE,40,1,,,,"Standard vitrified/ceramic tile from Morbi, Gujarat. Wide range of finishes. Cool tile variants available for TN."
57,Vitrified Tile 800x800mm (Matt Anti-Skid),FLOORING,Vitrified Tile,Bathroom and balcony,sqm,400,700,550,ALL,,POOR,"Hot_Humid,Hot_Dry,Composite,Warm_Humid",2,0,MANUFACTURED,HIGH,SEMI_SKILLED,10,35,1.3,EXCELLENT,NONE,40,1,,,,"Standard vitrified/ceramic tile from Morbi, Gujarat. Wide range of finishes. Cool tile variants available for TN."
58,Ceramic Wall Tile 300x450mm (Glossy),FLOORING,Ceramic Tile,Bathroom and kitchen wall dado,sqm,200,380,290,ALL,,AVERAGE,"Hot_Humid,Hot_Dry,Composite,Warm_Humid",2,0,MANUFACTURED,HIGH,SEMI_SKILLED,8,,1,EXCELLENT,NONE,30,1,,,,"Standard vitrified/ceramic tile from Morbi, Gujarat. Wide range of finishes. Cool tile variants available for TN."
59,Oxide Floor Finish (Red),FLOORING,Oxide Finish,Budget residential flooring,sqm,80,150,115,ALL,,GOOD,"Hot_Humid,Hot_Dry,Composite,Warm_Humid",4,1,MANUFACTURED,LOW,SKILLED,25,,0.9,AVERAGE,5_YEARS,30,1,,,,Traditional red oxide floor common in TN older homes. Apply coconut oil weekly for shine.
60,Mud and Lime Floor (Polished),FLOORING,Mud Floor,Traditional and eco-friendly residential,sqm,50,100,75,ALL,,EXCELLENT,"Hot_Dry,Composite",5,1,LOCALLY_SOURCED,VERY_LOW,SPECIALIST,50,,0.5,POOR,ANNUAL,15,0,,,,Traditional TN thinai (foxtail millet) husk mixed with mud. Weekly cow dung wash in rural areas.
61,IPS Floor (Indian Patent Stone),FLOORING,Cement Floor,Utility area and servant quarters,sqm,100,180,140,ALL,,AVERAGE,"Hot_Humid,Hot_Dry,Composite,Warm_Humid",3,0,MANUFACTURED,MEDIUM,SKILLED,25,,1.1,GOOD,10_YEARS,40,1,,,,Cement-sand-oxide polished floor. Cost-effective for budget TN housing. Can add colour.
62,Kota Stone Floor (Blue),FLOORING,Kota Stone,Parking and external walkway,sqm,300,500,400,ALL,,GOOD,"Hot_Humid,Hot_Dry,Composite,Warm_Humid",3,0,REGIONALLY_SOURCED,LOW,SKILLED,25,50,1.4,GOOD,5_YEARS,60,1,,,,Imported from Rajasthan. Good for TN car porches. Anti-skid natural finish.
63,Shahabad Stone Floor (Yellow),FLOORING,Shahabad Stone,Corridor and semi-outdoor area,sqm,280,450,365,ALL,,GOOD,"Hot_Humid,Hot_Dry,Composite",3,1,REGIONALLY_SOURCED,LOW,SKILLED,30,40,1.2,GOOD,5_YEARS,50,1,,,,From Karnataka. Popular in TN for corridors. Yellow tint complements traditional architecture.
64,Burma Teak Door Frame (First Quality),DOOR_WINDOW,Teak,Main entrance door,running_m,3500,5500,4500,ALL,,GOOD,"Hot_Humid,Hot_Dry,Composite,Warm_Humid",2,0,IMPORTED,LOW,SKILLED,100,,0.17,GOOD,5_YEARS,80,1,,,,Season teak for minimum 2 years. Apply teak oil or melamine finish. Anti-termite treatment essential in TN.
65,Burma Teak Door Shutter (35mm Solid),DOOR_WINDOW,Teak,Main entrance door panel,sqm,6000,9000,7500,ALL,,GOOD,"Hot_Humid,Hot_Dry,Composite,Warm_Humid",2,0,IMPORTED,LOW,SKILLED,35,,0.17,GOOD,5_YEARS,80,1,,,,Season teak for minimum 2 years. Apply teak oil or melamine finish. Anti-termite treatment essential in TN.
66,Nilambur Teak Door Frame,DOOR_WINDOW,Teak,Main entrance and pooja room door,running_m,2800,4200,3500,"Kanniyakumari,Tirunelveli,Coimbatore,Nilgiris","Chennai,Tiruchirappalli",GOOD,"Hot_Humid,Hot_Dry,Composite,Warm_Humid",3,1,REGIONALLY_SOURCED,LOW,SKILLED,100,,0.17,GOOD,5_YEARS,70,1,,,,Season teak for minimum 2 years. Apply teak oil or melamine finish. Anti-termite treatment essential in TN.
67,Country Wood Door Frame (Vengai/Indian Kino),DOOR_WINDOW,Country Wood,Interior door and window frame,running_m,1200,2000,1600,"Nilgiris,Coimbatore,Erode,Dindigul,Theni",Chennai,GOOD,"Hot_Humid,Hot_Dry,Composite,Warm_Humid",3,1,LOCALLY_SOURCED,VERY_LOW,SKILLED,85,,0.15,AVERAGE,5_YEARS,50,1,,,,Vengai (Pterocarpus marsupium) from Western Ghats. Hard and termite-resistant. Apply cashew nut shell oil.
68,Sal Wood Door Frame,DOOR_WINDOW,Sal Wood,Exterior door frame,running_m,1800,2800,2300,ALL,,GOOD,"Hot_Humid,Hot_Dry,Composite,Warm_Humid",3,0,REGIONALLY_SOURCED,LOW,SKILLED,100,,0.16,GOOD,5_YEARS,60,1,,,,Sal from north India. Good durability in TN climate. Heavier than teak. Apply linseed oil.
69,Sal Wood Door Shutter (30mm Panelled),DOOR_WINDOW,Sal Wood,Bedroom and bathroom door,sqm,3500,5500,4500,ALL,,GOOD,"Hot_Humid,Hot_Dry,Composite,Warm_Humid",3,0,REGIONALLY_SOURCED,LOW,SKILLED,30,,0.16,GOOD,5_YEARS,60,1,,,,Sal from north India. Good durability in TN climate. Heavier than teak. Apply linseed oil.
70,Flush Door Shutter (Commercial Grade),DOOR_WINDOW,Flush Door,Interior bedroom and bathroom door,sqm,800,1400,1100,ALL,,AVERAGE,"Hot_Humid,Hot_Dry,Composite,Warm_Humid",2,0,MANUFACTURED,MEDIUM,SEMI_SKILLED,35,,0.14,POOR,10_YEARS,20,1,,,,Use BWR grade for all wet areas in TN's humid climate. Centuryply/Greenply brands widely available.
71,Flush Door Shutter (BWR Marine Grade),DOOR_WINDOW,Flush Door,Bathroom and kitchen door,sqm,1200,2000,1600,ALL,,AVERAGE,"Hot_Humid,Hot_Dry,Composite,Warm_Humid",2,0,MANUFACTURED,MEDIUM,SEMI_SKILLED,35,,0.14,GOOD,10_YEARS,25,1,,,,Use BWR grade for all wet areas in TN's humid climate. Centuryply/Greenply brands widely available.
72,WPC Door Frame (Wood Polymer Composite),DOOR_WINDOW,WPC,Bathroom and kitchen door frame,running_m,350,550,450,ALL,,AVERAGE,"Hot_Humid,Warm_Humid",3,0,MANUFACTURED,MEDIUM,SEMI_SKILLED,75,,0.25,EXCELLENT,NONE,30,1,,,,Completely waterproof. Ideal for TN bathroom doors. No painting needed. Termite-proof.
73,"UPVC Window Frame (White, 3-Track)",DOOR_WINDOW,UPVC,Sliding window all rooms,sqm,450,700,575,ALL,,GOOD,"Hot_Humid,Hot_Dry,Composite,Warm_Humid",2,0,MANUFACTURED,HIGH,SPECIALIST,60,,0.16,EXCELLENT,NONE,25,1,,,,Good sound and thermal insulation. Fenesta/Lingel brands in TN. UV-stabilized for TN sun.
74,"UPVC Window Frame (Wood Finish, 2-Track)",DOOR_WINDOW,UPVC,Sliding window bedroom and living,sqm,500,800,650,ALL,,GOOD,"Hot_Humid,Hot_Dry,Composite,Warm_Humid",2,0,MANUFACTURED,HIGH,SPECIALIST,60,,0.16,EXCELLENT,NONE,25,1,,,,Good sound and thermal insulation. Fenesta/Lingel brands in TN. UV-stabilized for TN sun.
75,Aluminium Window Frame (Anodized Silver),DOOR_WINDOW,Aluminium,Casement and sliding window,sqm,350,550,450,ALL,,POOR,"Hot_Humid,Hot_Dry,Composite,Warm_Humid",2,0,MANUFACTURED,HIGH,SKILLED,40,,200,EXCELLENT,NONE,30,1,,,,"Jindal/Hindalco profiles. Powder coat for coastal TN (Chennai, Thoothukudi). Glass thickness min 5mm."
76,Aluminium Window Frame (Powder Coated),DOOR_WINDOW,Aluminium,Premium casement window,sqm,450,700,575,ALL,,POOR,"Hot_Humid,Hot_Dry,Composite,Warm_Humid",2,0,MANUFACTURED,HIGH,SKILLED,40,,200,EXCELLENT,NONE,35,1,,,,"Jindal/Hindalco profiles. Powder coat for coastal TN (Chennai, Thoothukudi). Glass thickness min 5mm."
77,MS Steel Window Frame (Z-Section),DOOR_WINDOW,Steel,Budget window for utility and staircase,sqm,250,400,325,ALL,,POOR,"Hot_Humid,Hot_Dry,Composite,Warm_Humid",2,0,MANUFACTURED,HIGH,SKILLED,35,,50,AVERAGE,5_YEARS,30,1,,,,Budget option. Needs regular painting in TN humidity. Red oxide primer + enamel paint.
78,MS Steel Grille (Window Security),DOOR_WINDOW,Steel,Window security grille all floors,sqm,300,500,400,ALL,,POOR,"Hot_Humid,Hot_Dry,Composite,Warm_Humid",2,0,MANUFACTURED,HIGH,SKILLED,12,,50,AVERAGE,5_YEARS,30,1,,,,Essential security feature in TN homes. Hot-dip galvanize for coastal areas. MS square bar 12mm typical.
79,FRP Door Shutter (Fibre Reinforced Plastic),DOOR_WINDOW,FRP,Bathroom and toilet door,per_piece,2500,4500,3500,ALL,,AVERAGE,"Hot_Humid,Warm_Humid",2,0,MANUFACTURED,HIGH,SEMI_SKILLED,30,,0.3,EXCELLENT,NONE,20,1,,,,Waterproof bathroom door. Available in wood-grain finish. Sintex/Nilkamal brands in TN.
80,Teak Carved Main Door (Chettinad Style),DOOR_WINDOW,Teak,Main entrance heritage style,per_piece,45000,85000,65000,"Sivaganga,Ramanathapuram,Pudukkottai,Madurai","Chennai,Coimbatore",GOOD,"Hot_Humid,Hot_Dry",2,0,LOCALLY_SOURCED,LOW,SPECIALIST,50,,0.17,GOOD,5_YEARS,100,1,,,,Karaikudi craftsmen specialize in traditional carved doors. Antique doors recycled from Chettinad mansions also available.
81,Bamboo Window Shutter (Lattice),DOOR_WINDOW,Bamboo,Ventilation window and jaali,sqm,200,400,300,"Tirunelveli,Tenkasi,Kanniyakumari,Dindigul","Chennai,Tiruchirappalli",GOOD,"Hot_Humid,Warm_Humid",5,1,LOCALLY_SOURCED,VERY_LOW,SPECIALIST,25,,0.17,POOR,ANNUAL,10,1,,,,Traditional lattice work for cross-ventilation. Baker-style jaali design. Treat with borax solution.
82,"Cement Plaster (1:4 Sand-Cement, 12mm)",FINISHING,Cement Plaster,Interior wall plaster,sqm,35,55,45,ALL,,AVERAGE,"Hot_Humid,Hot_Dry,Composite,Warm_Humid",2,0,MANUFACTURED,MEDIUM,SKILLED,12,,,AVERAGE,10_YEARS,30,1,,,,Standard TN interior plaster. Use river sand M-sand mix. PPC cement preferred.
83,"Cement Plaster (1:6 Sand-Cement, 20mm)",FINISHING,Cement Plaster,Exterior wall plaster,sqm,45,70,57.5,ALL,,AVERAGE,"Hot_Humid,Hot_Dry,Composite,Warm_Humid",2,0,MANUFACTURED,MEDIUM,SKILLED,20,,,AVERAGE,10_YEARS,25,1,,,,Double coat exterior. Add waterproofing compound for coastal TN. Chicken mesh at RCC-masonry junction.
84,"Lime Plaster (Shell Lime, Traditional)",FINISHING,Lime Plaster,Heritage and eco-friendly wall finish,sqm,60,100,80,"Kanniyakumari,Tirunelveli,Tenkasi,Ramanathapuram","Chennai,Coimbatore",GOOD,"Hot_Humid,Hot_Dry,Composite,Warm_Humid",5,1,LOCALLY_SOURCED,VERY_LOW,SPECIALIST,15,,,GOOD,10_YEARS,50,1,,,,Shell lime from Ramanathapuram coast. Breathable finish—prevents dampness in TN humidity. Baker's preferred plaster.
85,Lime Plaster (Surkhi Lime),FINISHING,Lime Plaster,Foundation and below-grade plaster,sqm,55,85,70,ALL,,GOOD,"Hot_Humid,Hot_Dry,Composite,Warm_Humid",4,1,LOCALLY_SOURCED,LOW,SPECIALIST,15,,,GOOD,10_YEARS,60,1,,,,Brick powder (surkhi) + lime. Hydraulic set. Excellent for foundation walls. Traditional TN temple construction technique.
86,"Gypsum Plaster (POP Finish, 8mm)",FINISHING,Gypsum Plaster,Interior wall smooth finish,sqm,25,40,32.5,ALL,,AVERAGE,"Hot_Humid,Hot_Dry,Composite,Warm_Humid",2,0,MANUFACTURED,MEDIUM,SEMI_SKILLED,8,,,POOR,10_YEARS,20,1,,,,Smooth finish over cement plaster. Not for wet areas. Gyproc/Saint Gobain brands in TN. Cures fast.
87,Exterior Emulsion Paint (Weatherproof),FINISHING,Paint,Exterior wall paint,sqm,18,30,24,ALL,,AVERAGE,"Hot_Humid,Hot_Dry,Composite,Warm_Humid",2,0,MANUFACTURED,MEDIUM,SEMI_SKILLED,,,,GOOD,5_YEARS,5,1,,,,Asian Paints Apex/Berger WeatherCoat. Light colours reflect TN heat. Repaint every 5 years.
88,Interior Emulsion Paint (Premium),FINISHING,Paint,Interior wall and ceiling paint,sqm,12,22,17,ALL,,AVERAGE,"Hot_Humid,Hot_Dry,Composite,Warm_Humid",2,0,MANUFACTURED,MEDIUM,SEMI_SKILLED,,,,AVERAGE,5_YEARS,5,1,,,,Asian Paints Royale/Dulux. Anti-fungal variants recommended for TN humid coastal areas.
89,Lime Wash (Traditional White),FINISHING,Lime Wash,Exterior and interior wall wash,sqm,5,12,8.5,ALL,,GOOD,"Hot_Humid,Hot_Dry,Composite,Warm_Humid",5,1,LOCALLY_SOURCED,VERY_LOW,UNSKILLED,,,,POOR,ANNUAL,1,1,,,,Cheapest wall finish. Breathable and anti-bacterial. Traditional TN village house finish. Reapply annually.
90,Texture Paint (Roller Finish),FINISHING,Paint,Feature wall and exterior accent,sqm,40,70,55,ALL,,AVERAGE,"Hot_Humid,Hot_Dry,Composite,Warm_Humid",2,0,MANUFACTURED,MEDIUM,SKILLED,2,,,GOOD,10_YEARS,8,1,,,,Decorative exterior finish. Hides surface imperfections. Asian Paints Royale Play range available in TN.
91,White Cement Finish (Birla White),FINISHING,Cement Finish,Exterior wall primer,sqm,15,25,20,ALL,,AVERAGE,"Hot_Humid,Hot_Dry,Composite,Warm_Humid",2,0,MANUFACTURED,MEDIUM,SEMI_SKILLED,2,,,AVERAGE,10_YEARS,10,1,,,,Applied before exterior paint. Fills pinholes. Birla White/JK Cement available across TN.
92,M20 Grade Ready-Mix Concrete,STRUCTURAL,Concrete,Foundation and plinth beam,cum,5500,7500,6500,ALL,"Nilgiris,Ramanathapuram",POOR,"Hot_Humid,Hot_Dry,Composite,Warm_Humid",2,0,MANUFACTURED,VERY_HIGH,SKILLED,,20,1.58,GOOD,NONE,80,1,1,#808080,\\\\,Standard structural concrete. Use PPC cement. RMC from Ultratech/ACC plants across TN.
93,M25 Grade Ready-Mix Concrete,STRUCTURAL,Concrete,"Column, beam and slab",cum,6000,8000,7000,ALL,"Nilgiris,Ramanathapuram",POOR,"Hot_Humid,Hot_Dry,Composite,Warm_Humid",2,0,MANUFACTURED,VERY_HIGH,SKILLED,,25,1.58,GOOD,NONE,80,1,1,#787878,\\\\,For G+2 and above. 7-day curing mandatory in TN heat. Water-cement ratio max 0.45.
94,M30 Grade Ready-Mix Concrete,STRUCTURAL,Concrete,High-rise column and beam,cum,6500,8800,7650,"Chennai,Coimbatore,Madurai,Tiruchirappalli","Nilgiris,Ramanathapuram",POOR,"Hot_Humid,Hot_Dry,Composite,Warm_Humid",2,0,MANUFACTURED,VERY_HIGH,SKILLED,,30,1.58,GOOD,NONE,80,1,1,#707070,\\\\,For premium multi-storey. Minimum for columns in seismic zone III (TN). Admixtures essential.
95,TMT Steel Bar Fe500D (Rebar),STRUCTURAL,TMT Steel,RCC reinforcement all elements,kg,65,78,71.5,ALL,,POOR,"Hot_Humid,Hot_Dry,Composite,Warm_Humid",2,0,MANUFACTURED,VERY_HIGH,SKILLED,,500,50,POOR,NONE,80,1,1,,,TATA Tiscon/JSW Neosteel. Fe500D for ductility in seismic zones. IS 1786 compliance mandatory.
96,TMT Steel Bar Fe550D (Rebar),STRUCTURAL,TMT Steel,High-strength column reinforcement,kg,68,82,75,ALL,,POOR,"Hot_Humid,Hot_Dry,Composite,Warm_Humid",2,0,MANUFACTURED,VERY_HIGH,SKILLED,,550,50,POOR,NONE,80,1,1,,,Higher grade for optimized steel in large structures. Saves 10-15% steel quantity over Fe500.
97,"PPC Cement (Portland Pozzolana, 50kg bag)",STRUCTURAL,Cement,General construction all elements,per_bag,350,420,385,ALL,Nilgiris,POOR,"Hot_Humid,Hot_Dry,Composite,Warm_Humid",2,0,MANUFACTURED,HIGH,UNSKILLED,,,,AVERAGE,NONE,80,1,,,,Ultratech/ACC/Dalmia. PPC preferred in TN for flyash content. Better workability in TN heat.
98,OPC 53 Grade Cement (50kg bag),STRUCTURAL,Cement,Structural concrete M25+,per_bag,380,450,415,ALL,Nilgiris,POOR,"Hot_Humid,Hot_Dry,Composite,Warm_Humid",2,0,MANUFACTURED,HIGH,UNSKILLED,,,,AVERAGE,NONE,80,1,,,,For high-strength concrete. Faster setting than PPC. Use for columns and beams in multi-storey.
99,M-Sand (Manufactured Sand),STRUCTURAL,Sand,Concrete and mortar aggregate,cum,1200,1800,1500,ALL,,POOR,"Hot_Humid,Hot_Dry,Composite,Warm_Humid",3,0,MANUFACTURED,MEDIUM,UNSKILLED,,,,AVERAGE,NONE,80,1,,,,"TN banned river sand mining. M-sand mandatory. Zone II grade for plastering, Zone III for concrete."
100,River Sand (Permitted Source),STRUCTURAL,Sand,Plastering and flooring bed,cum,3000,5000,4000,"Tiruchirappalli,Thanjavur,Salem,Erode","Chennai,Coimbatore,Madurai",POOR,"Hot_Humid,Hot_Dry,Composite,Warm_Humid",2,0,LOCALLY_SOURCED,LOW,UNSKILLED,,,,AVERAGE,NONE,80,1,,,,Cauvery/Kollidam river sand. Highly regulated in TN. Permit required. Premium pricing due to scarcity.
101,Coarse Aggregate 20mm (Blue Metal),STRUCTURAL,Aggregate,Concrete mix aggregate,cum,900,1400,1150,ALL,,POOR,"Hot_Humid,Hot_Dry,Composite,Warm_Humid",2,0,MANUFACTURED,MEDIUM,UNSKILLED,,,,AVERAGE,NONE,80,1,,,,Granite crushed aggregate from TN quarries. 20mm for general RCC. 12mm for slab concrete.
102,Steel Structural Section (ISMB 200),STRUCTURAL,Structural Steel,Roof truss and portal frame,kg,72,88,80,ALL,,POOR,"Hot_Humid,Hot_Dry,Composite,Warm_Humid",2,0,MANUFACTURED,VERY_HIGH,SPECIALIST,,250,50,POOR,NONE,60,1,1,,,For steel roof structures. Hot-dip galvanize for coastal TN. SAIL/Tata brands.
103,"Expanded Polystyrene Sheet (EPS, 50mm)",INSULATION,EPS,Roof and wall insulation,sqm,120,200,160,ALL,,EXCELLENT,"Hot_Humid,Hot_Dry,Composite,Warm_Humid",2,0,MANUFACTURED,MEDIUM,SEMI_SKILLED,50,,0.038,AVERAGE,10_YEARS,30,1,,,,Lightweight roof insulation for TN flat roofs. Place above waterproofing. Fire retardant grade recommended.
104,"Extruded Polystyrene Sheet (XPS, 50mm)",INSULATION,XPS,Terrace and below-grade insulation,sqm,200,350,275,ALL,,EXCELLENT,"Hot_Humid,Hot_Dry,Composite,Warm_Humid",2,0,MANUFACTURED,MEDIUM,SEMI_SKILLED,50,,0.034,EXCELLENT,10_YEARS,40,1,,,,Better moisture resistance than EPS. Ideal for TN's monsoon-exposed terraces. Dow/Owens Corning brands.
105,Polyurethane Foam Spray (PUF),INSULATION,PUF,Roof underside insulation,sqm,250,400,325,ALL,,EXCELLENT,"Hot_Humid,Hot_Dry,Composite,Warm_Humid",2,0,MANUFACTURED,MEDIUM,SPECIALIST,25,,0.024,AVERAGE,10_YEARS,25,1,,,,Spray-applied to roof underside. Excellent for existing TN buildings. Reduces indoor temp by 5-7°C.
106,"Glass Wool Roll (50mm, 16kg/m³)",INSULATION,Glass Wool,False ceiling cavity insulation,sqm,80,140,110,ALL,,EXCELLENT,"Hot_Humid,Hot_Dry,Composite,Warm_Humid",2,0,MANUFACTURED,MEDIUM,SEMI_SKILLED,50,,0.04,AVERAGE,10_YEARS,30,1,,,,For false ceiling cavities. Use with vapour barrier in TN humidity. Saint Gobain ISOVER available.
107,Reflective Aluminium Foil Insulation,INSULATION,Reflective Insulation,Roof underside heat reflector,sqm,30,55,42.5,ALL,,EXCELLENT,"Hot_Humid,Hot_Dry,Composite,Warm_Humid",2,0,MANUFACTURED,MEDIUM,SEMI_SKILLED,4,,0.04,AVERAGE,10_YEARS,15,1,,,,Cost-effective TN solution. Staple to roof underside. Reflects 95% radiant heat. Use with air gap.
108,Cool Roof Coating (Solar Reflective White),INSULATION,Cool Roof,Flat roof heat reflective coating,sqm,45,80,62.5,ALL,,EXCELLENT,"Hot_Humid,Hot_Dry,Composite,Warm_Humid",2,0,MANUFACTURED,MEDIUM,SEMI_SKILLED,1,,,AVERAGE,5_YEARS,5,1,,,,White elastomeric coating. Reduces roof temp by 15-20°C in TN summer. Reapply every 5 years. Dr. Fixit brand.
109,Broken China Mosaic Cool Roof,INSULATION,Cool Roof,Flat roof weathering course,sqm,80,130,105,ALL,,EXCELLENT,"Hot_Humid,Hot_Dry,Composite,Warm_Humid",4,1,LOCALLY_SOURCED,VERY_LOW,SEMI_SKILLED,20,,,AVERAGE,10_YEARS,20,1,,,,Traditional TN terracing technique. White broken tiles on bitumen. Durable and reflective. Common in Chennai.
110,Mud Phuska Roof Insulation,INSULATION,Mud Insulation,Flat roof traditional insulation,sqm,40,70,55,ALL,,EXCELLENT,"Hot_Humid,Hot_Dry,Composite,Warm_Humid",5,1,LOCALLY_SOURCED,VERY_LOW,SPECIALIST,100,,0.52,AVERAGE,10_YEARS,15,1,,,,Mud-lime layer over RCC slab. Traditional TN technique. Add brick tiles on top. Baker recommended.
111,"Bituminous Membrane (APP Modified, 3mm)",WATERPROOFING,Bituminous Membrane,Flat roof waterproofing,sqm,180,300,240,ALL,,AVERAGE,"Hot_Humid,Hot_Dry,Composite,Warm_Humid",2,0,MANUFACTURED,MEDIUM,SKILLED,3,,,EXCELLENT,10_YEARS,15,1,,,,Torch-applied membrane. Essential for all TN flat roofs. SikaProof/Dr. Fixit brands. Overlap joints 100mm.
112,Cementitious Waterproofing Coating (Acrylic),WATERPROOFING,Cementitious Coating,Bathroom and wet area waterproofing,sqm,40,70,55,ALL,,AVERAGE,"Hot_Humid,Hot_Dry,Composite,Warm_Humid",2,0,MANUFACTURED,MEDIUM,SKILLED,2,,,EXCELLENT,10_YEARS,10,1,,,,Brush-applied 2 coats. Essential for TN bathrooms. Dr. Fixit Pidifin/Fosroc. Apply before tiling.
113,Integral Waterproofing Compound (Liquid),WATERPROOFING,Admixture,Concrete mix waterproofing,kg,60,100,80,ALL,,AVERAGE,"Hot_Humid,Hot_Dry,Composite,Warm_Humid",2,0,MANUFACTURED,MEDIUM,SKILLED,,,,EXCELLENT,NONE,50,1,,,,"Add to concrete mix at 0.5% of cement weight. For water tank, sump, and foundation. Dr. Fixit LW+."
114,Crystalline Waterproofing (Xypex Type),WATERPROOFING,Crystalline,Below-grade and water tank waterproofing,sqm,150,250,200,ALL,,AVERAGE,"Hot_Humid,Hot_Dry,Composite,Warm_Humid",2,0,MANUFACTURED,MEDIUM,SPECIALIST,1,,,EXCELLENT,NONE,50,1,,,,Self-healing concrete waterproofing. Premium but permanent. Excellent for TN underground sumps.
115,EPDM Rubber Sheet (1.5mm),WATERPROOFING,EPDM,Terrace garden and planter waterproofing,sqm,250,400,325,ALL,,AVERAGE,"Hot_Humid,Hot_Dry,Composite,Warm_Humid",2,0,MANUFACTURED,MEDIUM,SPECIALIST,1.5,,,EXCELLENT,NONE,25,1,,,,For terrace gardens increasingly popular in Chennai. UV-resistant. Single-piece installation preferred.
116,Liquid Applied Polyurethane Membrane,WATERPROOFING,PU Membrane,Complex geometry roof waterproofing,sqm,200,350,275,ALL,,AVERAGE,"Hot_Humid,Hot_Dry,Composite,Warm_Humid",2,0,MANUFACTURED,MEDIUM,SKILLED,2,,,EXCELLENT,10_YEARS,15,1,,,,Seamless waterproofing for irregular TN roof shapes. Good for parapet junctions. MasterSeal/Sika brands.
117,RCC Isolated Footing (M20),FOUNDATION,RCC Footing,Individual column foundation,cum,6500,8500,7500,ALL,,AVERAGE,"Hot_Humid,Hot_Dry,Composite,Warm_Humid",2,0,MANUFACTURED,HIGH,SKILLED,300,20,,GOOD,NONE,80,1,1,#808080,\\\\,Standard for TN frame structures. Depth per soil report. Min 1.0m depth for black cotton soil areas.
118,RCC Raft Foundation (M25),FOUNDATION,RCC Raft,Weak soil full area foundation,cum,7000,9500,8250,ALL,,AVERAGE,"Hot_Humid,Hot_Dry,Composite,Warm_Humid",2,0,MANUFACTURED,HIGH,SKILLED,300,25,,GOOD,NONE,80,1,1,#808080,\\\\,For poor soil conditions common in Chennai coastal areas. Uniform settlement. Anti-termite treatment below.
119,Rubble Stone Foundation (Random),FOUNDATION,Stone Foundation,Load-bearing wall foundation,cum,3000,4500,3750,ALL,,AVERAGE,"Hot_Humid,Hot_Dry,Composite,Warm_Humid",4,1,LOCALLY_SOURCED,LOW,SKILLED,450,60,,GOOD,NONE,150,1,1,#8B8680,OO,Traditional TN foundation. Granite rubble in cement mortar 1:6. Width = 2x wall width. Baker recommended.
120,RCC Strip Foundation (M20),FOUNDATION,Strip Foundation,Continuous wall foundation,cum,6000,8000,7000,ALL,,AVERAGE,"Hot_Humid,Hot_Dry,Composite,Warm_Humid",2,0,MANUFACTURED,HIGH,SKILLED,200,20,,GOOD,NONE,80,1,1,#808080,\\\\,For load-bearing wall construction. Continuous strip under all walls. PCC bed below.
121,"PCC Foundation Bed (M10, 1:3:6)",FOUNDATION,PCC Bed,Levelling course under foundation,cum,4500,6000,5250,ALL,,AVERAGE,"Hot_Humid,Hot_Dry,Composite,Warm_Humid",2,0,MANUFACTURED,HIGH,SKILLED,150,10,,GOOD,NONE,80,1,1,#808080,\\\\,Plain cement concrete bed. 150mm thick minimum. Provides level surface for RCC footing.
122,Anti-Termite Chemical Treatment (Pre-Construction),FOUNDATION,Anti-Termite,Foundation and plinth chemical barrier,sqm,8,15,11.5,ALL,,AVERAGE,"Hot_Humid,Hot_Dry,Composite,Warm_Humid",2,0,MANUFACTURED,LOW,SKILLED,,,,GOOD,10_YEARS,10,1,,,,"Chlorpyrifos/Imidacloprid treatment. Essential in all TN districts. Apply at foundation, plinth, and ground contact."
123,CPVC Pipe 1/2 inch (Hot & Cold Water Supply),PLUMBING,CPVC Pipe,Internal water supply line,running_m,45,70,57.5,ALL,,AVERAGE,"Hot_Humid,Hot_Dry,Composite,Warm_Humid",2,0,MANUFACTURED,MEDIUM,SKILLED,,,,EXCELLENT,NONE,25,1,,,,Ashirvad/Supreme brand. Handles TN's hot water temps. Solvent welding—no threading needed.
124,CPVC Pipe 3/4 inch (Main Supply),PLUMBING,CPVC Pipe,Main water supply line,running_m,65,100,82.5,ALL,,AVERAGE,"Hot_Humid,Hot_Dry,Composite,Warm_Humid",2,0,MANUFACTURED,MEDIUM,SKILLED,,,,EXCELLENT,NONE,25,1,,,,For main lines from overhead tank. UV-resistant variant for exposed runs in TN sun.
125,PVC SWR Pipe 110mm (Soil Line),PLUMBING,PVC SWR Pipe,Toilet soil and waste drainage,running_m,120,180,150,ALL,,AVERAGE,"Hot_Humid,Hot_Dry,Composite,Warm_Humid",2,0,MANUFACTURED,MEDIUM,SKILLED,,,,EXCELLENT,NONE,30,1,,,,Type B heavy duty for soil lines. Prince/Finolex brands in TN. IS 13592 compliant.
126,PVC SWR Pipe 75mm (Waste Line),PLUMBING,PVC SWR Pipe,Sink and basin waste drainage,running_m,80,120,100,ALL,,AVERAGE,"Hot_Humid,Hot_Dry,Composite,Warm_Humid",2,0,MANUFACTURED,MEDIUM,SKILLED,,,,EXCELLENT,NONE,30,1,,,,For kitchen and basin waste. Include proper traps to prevent sewer gas in TN's heat.
127,GI Pipe 1 inch (External Water Main),PLUMBING,GI Pipe,Underground and external water main,running_m,150,220,185,ALL,,AVERAGE,"Hot_Humid,Hot_Dry,Composite,Warm_Humid",2,0,MANUFACTURED,MEDIUM,SKILLED,,,,EXCELLENT,NONE,20,1,,,,For external underground runs. Wrap with anti-corrosion tape in TN's corrosive coastal soil.
128,HDPE Pipe 63mm (Underground Supply),PLUMBING,HDPE Pipe,Underground water supply from bore,running_m,100,160,130,ALL,,AVERAGE,"Hot_Humid,Hot_Dry,Composite,Warm_Humid",2,0,MANUFACTURED,MEDIUM,SPECIALIST,,,,EXCELLENT,NONE,50,1,,,,For borewell to sump connection. Flexible—handles TN's clay soil movement. Fusion welding.
129,PVC Rain Water Pipe 90mm,PLUMBING,PVC Pipe,Roof rainwater downpipe,running_m,70,110,90,ALL,,AVERAGE,"Hot_Humid,Hot_Dry,Composite,Warm_Humid",4,0,MANUFACTURED,MEDIUM,SKILLED,,,,EXCELLENT,NONE,20,1,,,,For rainwater harvesting—mandatory in TN since 2001. Connect to recharge well or storage tank.
130,Sintex Overhead Water Tank (1000L),PLUMBING,Water Tank,Roof overhead water storage,per_piece,6000,8500,7250,ALL,,AVERAGE,"Hot_Humid,Hot_Dry,Composite,Warm_Humid",2,0,MANUFACTURED,MEDIUM,SKILLED,,,,EXCELLENT,5_YEARS,25,1,,,,Standard for TN homes. Black tank with UV protection. Size based on family size—135 lpcd per person.
131,RCC Underground Sump (5000L),PLUMBING,Water Tank,Underground water storage,per_piece,25000,40000,32500,ALL,,AVERAGE,"Hot_Humid,Hot_Dry,Composite,Warm_Humid",2,0,MANUFACTURED,MEDIUM,SPECIALIST,150,,,EXCELLENT,NONE,50,1,,,,Essential for TN's water scarcity. Waterproof with crystalline coating. Include pump room provision.
132,PVC Conduit Pipe 25mm (Concealed),ELECTRICAL,PVC Conduit,Concealed wiring in walls and slab,running_m,15,25,20,ALL,,AVERAGE,"Hot_Humid,Hot_Dry,Composite,Warm_Humid",2,0,MANUFACTURED,MEDIUM,SKILLED,,,,GOOD,NONE,30,1,,,,ISI mark mandatory. Heavy gauge for slab embedding. Precision/Supreme brands in TN.
133,FR PVC Insulated Wire 1.5 sqmm (Lighting),ELECTRICAL,Electrical Wire,Lighting circuit wiring,running_m,12,18,15,ALL,,AVERAGE,"Hot_Humid,Hot_Dry,Composite,Warm_Humid",2,0,MANUFACTURED,MEDIUM,SKILLED,,,,GOOD,NONE,25,1,,,,"Fire retardant grade. Havells/Polycab/Finolex. 1.5mm for lighting, 2.5mm for power points."
134,FR PVC Insulated Wire 2.5 sqmm (Power),ELECTRICAL,Electrical Wire,Power socket circuit wiring,running_m,18,28,23,ALL,,AVERAGE,"Hot_Humid,Hot_Dry,Composite,Warm_Humid",2,0,MANUFACTURED,MEDIUM,SKILLED,,,,GOOD,NONE,25,1,,,,For 5A/15A socket circuits. Copper conductor only. FRLS grade for added safety.
135,FR PVC Insulated Wire 4 sqmm (AC Circuit),ELECTRICAL,Electrical Wire,Air conditioner dedicated circuit,running_m,30,45,37.5,ALL,,AVERAGE,"Hot_Humid,Hot_Dry,Composite,Warm_Humid",2,0,MANUFACTURED,MEDIUM,SKILLED,,,,GOOD,NONE,25,1,,,,Dedicated circuit for split AC—common in TN homes. MCB protection at DB. 6mm for 2-ton AC.
136,Modular Switch Board (8-Module),ELECTRICAL,Switch Board,Room electrical control panel,per_piece,400,700,550,ALL,,AVERAGE,"Hot_Humid,Hot_Dry,Composite,Warm_Humid",2,0,MANUFACTURED,MEDIUM,SKILLED,,,,GOOD,NONE,20,1,,,,"Legrand/Schneider/Anchor. 8-module for bedrooms, 12-module for kitchen. ISI mark mandatory."
137,MCB Distribution Board (8-Way),ELECTRICAL,Distribution Board,Main electrical distribution,per_piece,1200,2000,1600,ALL,,AVERAGE,"Hot_Humid,Hot_Dry,Composite,Warm_Humid",2,0,MANUFACTURED,MEDIUM,SKILLED,,,,GOOD,NONE,30,1,,,,Schneider/Havells. SP+N MCBs. Include ELCB/RCCB for safety. EB meter board separate.
138,"Earthing Electrode (GI Pipe, 3m)",ELECTRICAL,Earthing,Electrical safety earthing,per_piece,2500,4000,3250,ALL,,AVERAGE,"Hot_Humid,Hot_Dry,Composite,Warm_Humid",2,0,MANUFACTURED,MEDIUM,SPECIALIST,,,,GOOD,ANNUAL,15,1,,,,Two earthing points minimum per TN EB norms. GI pipe with charcoal+salt filling. Test annually.
139,Copper Earthing Electrode (Maintenance-Free),ELECTRICAL,Earthing,Premium electrical earthing,per_piece,5000,8000,6500,ALL,,AVERAGE,"Hot_Humid,Hot_Dry,Composite,Warm_Humid",2,0,MANUFACTURED,MEDIUM,SPECIALIST,,,,GOOD,NONE,25,1,,,,"Chemical earthing—no water maintenance. Better for TN's dry soil areas like Madurai, Tiruchirappalli."
140,"Bamboo Structural Pole (Treated, 75mm dia)",SUSTAINABLE,Bamboo,Roof truss and pergola column,running_m,80,150,115,"Dindigul,Theni,Nilgiris,Tirunelveli,Tenkasi,Kanniyakumari","Chennai,Tiruchirappalli",GOOD,"Hot_Humid,Hot_Dry,Composite,Warm_Humid",5,1,LOCALLY_SOURCED,VERY_LOW,SKILLED,75,40,0.17,AVERAGE,10_YEARS,20,1,,#C4A35A,,Bamboo from Dindigul/Theni hills. Borax-boric treatment mandatory. Baker's preferred sustainable material.
141,Bamboo Split Lath (Treated),SUSTAINABLE,Bamboo,Roof purlins and lattice panel,running_m,15,30,22.5,"Dindigul,Theni,Nilgiris,Tirunelveli,Tenkasi,Kanniyakumari","Chennai,Tiruchirappalli",GOOD,"Hot_Humid,Hot_Dry,Composite,Warm_Humid",5,1,LOCALLY_SOURCED,VERY_LOW,SKILLED,10,,0.17,AVERAGE,5_YEARS,15,1,,#C4A35A,,For light roofing supports. Weave into panels for jaali screens. Treat against borer beetle.
142,Compressed Earth Block (Unstabilized),SUSTAINABLE,Earth Block,Partition wall and garden wall,per_piece,8,14,11,ALL,,GOOD,"Hot_Dry,Composite",5,0,LOCALLY_SOURCED,VERY_LOW,SKILLED,200,2.5,0.55,POOR,10_YEARS,30,1,1,#B8860B,xxx,Zero-cement block. Only for protected walls—not for TN monsoon-exposed exterior. Auroville technology.
143,Recycled Brick (Crushed Aggregate),SUSTAINABLE,Recycled Material,Sub-base and fill material,cum,500,900,700,ALL,,GOOD,"Hot_Humid,Hot_Dry,Composite,Warm_Humid",5,0,LOCALLY_SOURCED,VERY_LOW,SKILLED,,,,AVERAGE,10_YEARS,30,1,,,,From demolished TN buildings. Crush to 20-40mm for sub-base. Reduces quarry dependency.
144,Recycled Brick (Cleaned Whole),SUSTAINABLE,Recycled Material,Garden wall and landscape feature,per_piece,3,6,4.5,ALL,,GOOD,"Hot_Humid,Hot_Dry,Composite,Warm_Humid",5,0,LOCALLY_SOURCED,VERY_LOW,SKILLED,230,5,0.81,AVERAGE,10_YEARS,40,1,,,,Salvaged from old TN buildings. Clean and reuse. Character and patina add aesthetic value.
145,Coconut Wood Beam (Treated),SUSTAINABLE,Coconut Wood,Roof beam and lintel,running_m,200,350,275,"Thanjavur,Nagapattinam,Tirunelveli,Kanniyakumari,Coimbatore",,GOOD,"Hot_Humid,Hot_Dry,Composite,Warm_Humid",5,0,LOCALLY_SOURCED,VERY_LOW,SKILLED,,30,0.15,AVERAGE,10_YEARS,25,1,,,,From senile coconut palms in TN's coconut belt. Hard outer wood for beams. CCA treatment needed.
146,Coconut Shell Aggregate (12-20mm),SUSTAINABLE,Coconut Shell,Lightweight concrete filler,cum,800,1200,1000,"Thanjavur,Nagapattinam,Tirunelveli,Kanniyakumari,Coimbatore",,GOOD,"Hot_Humid,Hot_Dry,Composite,Warm_Humid",5,0,LOCALLY_SOURCED,VERY_LOW,SKILLED,,,,AVERAGE,10_YEARS,30,1,,,,Waste coconut shells from TN copra industry. 40% lighter than stone aggregate. Good for filler slabs.
147,Palmyra Wood Rafter (Treated),SUSTAINABLE,Palmyra Wood,Roof rafter and purlin,running_m,150,250,200,"Tirunelveli,Thoothukudi,Ramanathapuram,Sivaganga","Chennai,Tiruchirappalli",GOOD,"Hot_Humid,Hot_Dry,Composite,Warm_Humid",5,0,LOCALLY_SOURCED,VERY_LOW,SKILLED,,25,0.15,AVERAGE,10_YEARS,30,1,,,,"Palmyra palm—iconic TN tree. Extremely hard wood. Available in Tirunelveli, Thoothukudi, Ramanathapuram."
148,Coir Fibre Board (Insulation Panel),SUSTAINABLE,Coir Board,Wall and ceiling insulation panel,sqm,100,180,140,"Thanjavur,Tirunelveli,Kanniyakumari",,EXCELLENT,"Hot_Humid,Hot_Dry,Composite,Warm_Humid",5,0,LOCALLY_SOURCED,VERY_LOW,SKILLED,25,,0.045,AVERAGE,5_YEARS,15,1,,,,"From TN coir industry (Thanjavur, Tirunelveli). Natural insulation. Treat with borax for fire resistance."
149,Rice Husk Ash Concrete (RHA 15%),SUSTAINABLE,RHA Concrete,Non-structural concrete elements,cum,4800,6500,5650,"Thanjavur,Nagapattinam,Tiruchirappalli,Cuddalore",,GOOD,"Hot_Humid,Hot_Dry,Composite,Warm_Humid",5,0,LOCALLY_SOURCED,VERY_LOW,SPECIALIST,,18,1.2,AVERAGE,10_YEARS,60,1,,,,Replace 15% cement with rice husk ash from TN's paddy belt. Reduces carbon footprint. Research-validated.
150,Ferrocement Panel (6mm mesh + mortar),SUSTAINABLE,Ferrocement,"Water tank, channel and thin shell",sqm,300,500,400,ALL,,GOOD,"Hot_Humid,Hot_Dry,Composite,Warm_Humid",5,1,LOCALLY_SOURCED,VERY_LOW,SPECIALIST,25,15,1,AVERAGE,10_YEARS,40,1,,,,"Thin cement mortar on wire mesh. For water tanks, sunshades, and curved roofs. Baker technique."
151,Rammed Earth Wall (Stabilized),SUSTAINABLE,Rammed Earth,Load-bearing wall for single storey,cum,2000,3500,2750,ALL,,EXCELLENT,"Hot_Dry,Composite",5,1,LOCALLY_SOURCED,VERY_LOW,SPECIALIST,300,3,0.6,AVERAGE,10_YEARS,60,1,1,#9B7653,|||,Formwork-compacted earth wall. Beautiful exposed finish. Needs roof overhang protection in TN monsoon.
152,Lime Concrete (Lime:Surkhi:Aggregate 1:2:4),SUSTAINABLE,Lime Concrete,Foundation and flooring sub-base,cum,3500,5000,4250,ALL,,GOOD,"Hot_Humid,Hot_Dry,Composite,Warm_Humid",5,1,LOCALLY_SOURCED,VERY_LOW,SKILLED,150,5,0.9,AVERAGE,10_YEARS,100,1,,,,Traditional foundation material. Self-healing micro-cracks. Used in all TN heritage structures. Eco-friendly.
153,Thatch Roof (Coconut Palm Leaf),SUSTAINABLE,Thatch,Temporary shelter and gazebo roof,sqm,30,60,45,"Thanjavur,Nagapattinam,Tirunelveli,Kanniyakumari,Coimbatore",,EXCELLENT,"Hot_Humid,Hot_Dry,Composite,Warm_Humid",5,0,LOCALLY_SOURCED,VERY_LOW,SKILLED,50,,0.09,POOR,ANNUAL,3,0,,,,From coconut palms across coastal TN. Cheapest roofing. Replace every 2-3 years. Fire risk.
154,Vetiver Root Khus Screen,SUSTAINABLE,Vetiver,Natural cooling screen for window,sqm,80,150,115,"Sivaganga,Ramanathapuram,Madurai",,EXCELLENT,"Hot_Humid,Hot_Dry,Composite,Warm_Humid",5,0,LOCALLY_SOURCED,VERY_LOW,SKILLED,50,,,POOR,ANNUAL,2,0,,,,Ramachandrapuram vetiver from TN. Wet screen evaporative cooling. Reduces air temp by 10°C. Seasonal use.
155,Chettinad Recycled Teak-Brick Composite Wall,MASONRY,Composite Masonry,Heritage-style compound wall,sqm,800,1300,1050,"Sivaganga,Ramanathapuram,Pudukkottai","Chennai,Coimbatore",GOOD,"Hot_Humid,Hot_Dry,Composite,Warm_Humid",5,1,LOCALLY_SOURCED,VERY_LOW,SPECIALIST,300,8,0.7,GOOD,10_YEARS,100,1,1,#B8734C,////,Traditional Chettinad masonry combining brick with embedded timber lacing. Earthquake-resistant technique.
156,Wienerberger Vertico Perforated Brick,MASONRY,Perforated Brick,Load-bearing wall with insulation,per_piece,12,18,15,"Chennai,Coimbatore,Tiruchirappalli,Madurai","Nilgiris,Ramanathapuram",GOOD,"Hot_Humid,Hot_Dry,Composite,Warm_Humid",3,0,MANUFACTURED,MEDIUM,SEMI_SKILLED,200,10,0.45,AVERAGE,10_YEARS,60,1,1,#CC8855,////,Perforated design improves thermal performance. Available from Wienerberger plant near Chennai.
157,Glass Block (190x190x80mm Clear),MASONRY,Glass Block,Bathroom and staircase feature wall,per_piece,180,300,240,"Chennai,Coimbatore,Madurai","Nilgiris,Ramanathapuram",POOR,"Hot_Humid,Hot_Dry,Composite,Warm_Humid",2,0,MANUFACTURED,HIGH,SPECIALIST,80,,0.7,EXCELLENT,NONE,50,1,0,#ADD8E6,...,For daylight in bathrooms and stairwells. Non-load bearing. Use expansion joints in TN heat.
158,Jali Concrete Block (Decorative Screen),MASONRY,Concrete Block,Ventilation screen and compound wall,per_piece,45,75,60,ALL,,GOOD,"Hot_Humid,Hot_Dry,Composite,Warm_Humid",3,1,MANUFACTURED,MEDIUM,SEMI_SKILLED,100,3,0.8,GOOD,NONE,50,1,0,#C0C0C0,ooo,Baker-style jaali for cross-ventilation. Essential in TN hot climate. Cast at site with moulds.
159,Rat-Trap Bond Brick Wall (Single Brick),MASONRY,Fired Clay Brick,Load-bearing wall with cavity insulation,sqm,550,850,700,ALL,,EXCELLENT,"Hot_Humid,Hot_Dry,Composite,Warm_Humid",4,1,LOCALLY_SOURCED,LOW,SKILLED,230,7,0.5,AVERAGE,10_YEARS,80,1,1,#D4B483,////,Baker's signature bonding pattern. Creates air cavity within wall. Uses 25% fewer bricks and 30% less mortar.
160,Kerala-Style Laterite Jali Block,MASONRY,Laterite Stone,Ventilation screen wall,per_piece,80,130,105,"Kanniyakumari,Tirunelveli,Tenkasi","Chennai,Madurai",EXCELLENT,"Hot_Humid,Hot_Dry,Composite,Warm_Humid",5,1,LOCALLY_SOURCED,VERY_LOW,SPECIALIST,200,3,0.52,GOOD,10_YEARS,80,1,0,#C4663A,+++,Hand-carved laterite jaali from southern TN. Traditional ventilation technique. Each piece unique.
161,Thin Joint AAC Block (2mm Adhesive),MASONRY,AAC Block,Precision infill wall fast construction,per_piece,60,80,70,"Chennai,Coimbatore,Madurai","Nilgiris,Ramanathapuram",EXCELLENT,"Hot_Humid,Hot_Dry,Composite,Warm_Humid",4,0,MANUFACTURED,LOW,SKILLED,200,4.5,0.15,POOR,10_YEARS,60,1,0,#E8E0D0,...,"Precision-cut AAC with 2mm adhesive joint. Faster construction, smoother finish. Premium product."
162,"Green Roof System (Sedum Tray, Extensive)",ROOFING,Green Roof,Flat roof insulation and garden,sqm,1500,2500,2000,ALL,,EXCELLENT,"Hot_Humid,Hot_Dry,Composite,Warm_Humid",5,0,MANUFACTURED,VERY_LOW,SPECIALIST,100,,,GOOD,10_YEARS,30,1,,,,Growing trend in Chennai apartments. Reduces urban heat island. Sedum/portulaca species suit TN climate.
163,Solar PV Panel Roof (Polycrystalline 330W),ROOFING,Solar Panel,Flat roof power generation,sqm,3500,5000,4250,ALL,,GOOD,"Hot_Humid,Hot_Dry,Composite,Warm_Humid",5,0,MANUFACTURED,LOW,SPECIALIST,40,,,EXCELLENT,10_YEARS,25,1,,,,TN solar policy incentivizes rooftop solar. Net metering available. 4-5 kWh/sqm/day in TN.
164,Pre-Engineered Metal Roof (Trapezoidal Profile),ROOFING,Metal Sheet,Large span industrial-residential roof,sqm,450,700,575,ALL,,POOR,"Hot_Humid,Hot_Dry,Composite,Warm_Humid",2,0,MANUFACTURED,HIGH,SPECIALIST,0.5,,,EXCELLENT,10_YEARS,30,1,,,,For large-span farmhouses and warehouses. Pre-painted galvalume. Kirby/Zamil brands in TN.
165,Ferro-Cement Channel Roof,ROOFING,Ferrocement,Low-cost curved roof for housing,sqm,600,1000,800,ALL,,AVERAGE,"Hot_Humid,Hot_Dry,Composite,Warm_Humid",4,1,MANUFACTURED,LOW,SPECIALIST,30,,,GOOD,10_YEARS,40,1,,,,"Baker's affordable roofing. Channel sections cast at ground, lifted into place. Spans up to 3m."
166,Precast RCC Plank Roof (100mm),ROOFING,Precast Concrete,Quick installation flat roof,sqm,1400,2000,1700,ALL,,AVERAGE,"Hot_Humid,Hot_Dry,Composite,Warm_Humid",2,0,MANUFACTURED,HIGH,SKILLED,100,,,GOOD,10_YEARS,60,1,,,,"Factory-made planks for fast construction. No formwork needed. Available from precast plants in Chennai, Coimbatore."
167,RCC Dome Roof (Thin Shell),ROOFING,RCC Shell,Circular room dome roof,sqm,1600,2400,2000,ALL,,GOOD,"Hot_Humid,Hot_Dry,Composite,Warm_Humid",3,1,MANUFACTURED,MEDIUM,SPECIALIST,50,,,EXCELLENT,10_YEARS,80,1,,,,Baker's dome technique. 50mm thick shell. No formwork with brick-laying technique. Reduces concrete by 60%.
168,Coir-Cement Board Roof Panel,ROOFING,Coir Board,Semi-permanent roof and ceiling,sqm,180,300,240,ALL,,GOOD,"Hot_Humid,Hot_Dry,Composite,Warm_Humid",5,1,LOCALLY_SOURCED,VERY_LOW,SKILLED,12,,,AVERAGE,5_YEARS,15,1,,,,Coir fibre + cement composite. From TN coir industry. Lightweight alternative to AC sheet. Eco-friendly.
169,Chettinadu Limestone Floor (Polished),FLOORING,Limestone,Heritage restoration flooring,sqm,500,800,650,ALL,,EXCELLENT,"Hot_Humid,Hot_Dry,Composite,Warm_Humid",3,1,LOCALLY_SOURCED,MEDIUM,SKILLED,20,,,AVERAGE,10_YEARS,50,1,,,,From Chettinad quarries. Traditional Karaikudi mansion flooring. Naturally cool. Polish with coconut oil.
170,White Marble Floor (Makrana Type),FLOORING,Marble,Pooja room and formal living,sqm,800,1400,1100,ALL,,AVERAGE,"Hot_Humid,Hot_Dry,Composite,Warm_Humid",3,0,REGIONALLY_SOURCED,MEDIUM,SKILLED,18,,,GOOD,5_YEARS,50,1,,,,Imported from Rajasthan. Premium TN homes. Stains easily—seal immediately. Not for kitchen.
171,Italian Marble Floor (Statuario),FLOORING,Marble,Premium living and lobby,sqm,2500,5000,3750,ALL,,AVERAGE,"Hot_Humid,Hot_Dry,Composite,Warm_Humid",1,0,IMPORTED,HIGH,SPECIALIST,18,,,GOOD,5_YEARS,50,1,,,,Ultra-premium import. Chennai luxury apartments. Requires specialist installation and sealing.
172,Terracotta Floor Tile (Handmade),FLOORING,Terracotta Tile,Courtyard and verandah,sqm,200,350,275,ALL,,EXCELLENT,"Hot_Humid,Hot_Dry,Composite,Warm_Humid",5,1,LOCALLY_SOURCED,VERY_LOW,SKILLED,15,,,AVERAGE,ANNUAL,50,1,,,,Handmade clay tiles from TN potter communities. Natural cooling. Seal with linseed oil. Rustic aesthetic.
173,Exposed Concrete Floor (Power Trowel Finish),FLOORING,Concrete Floor,Modern minimalist residential,sqm,150,250,200,ALL,,AVERAGE,"Hot_Humid,Hot_Dry,Composite,Warm_Humid",3,0,LOCALLY_SOURCED,MEDIUM,SKILLED,20,,,GOOD,10_YEARS,50,1,,,,Industrial aesthetic trending in Chennai homes. Power trowel for smooth finish. Apply concrete sealer.
174,Bamboo Flooring (Strand Woven),FLOORING,Bamboo Floor,Bedroom eco-friendly flooring,sqm,400,700,550,ALL,,AVERAGE,"Hot_Humid,Hot_Dry,Composite,Warm_Humid",5,0,MANUFACTURED,MEDIUM,SKILLED,20,,,AVERAGE,10_YEARS,20,1,,,,Eco-friendly alternative to hardwood. Not suitable for wet areas in TN humidity. Use with moisture barrier.
175,Kadappa Stone Floor (River-Washed Finish),FLOORING,Cuddapah Stone,Entrance porch and sit-out,sqm,380,580,480,ALL,,AVERAGE,"Hot_Humid,Hot_Dry,Composite,Warm_Humid",3,0,LOCALLY_SOURCED,MEDIUM,SKILLED,20,,,AVERAGE,10_YEARS,50,1,,,,River-washed variant gives unique texture. Popular in TN traditional homes. Anti-skid natural finish.
176,Chettinad Egg Lime Floor (Traditional),FLOORING,Lime Floor,Heritage home restoration floor,sqm,300,550,425,ALL,,EXCELLENT,"Hot_Humid,Hot_Dry,Composite,Warm_Humid",5,1,LOCALLY_SOURCED,VERY_LOW,SPECIALIST,20,,,AVERAGE,ANNUAL,80,1,,,,Egg white + lime + jaggery polished floor. Chettinad mansion technique. Mirror finish after 30 days curing.
177,Stainless Steel Main Door (304 Grade),DOOR_WINDOW,Steel,Main entrance security door,per_piece,25000,45000,35000,ALL,,AVERAGE,"Hot_Humid,Hot_Dry,Composite,Warm_Humid",2,0,MANUFACTURED,MEDIUM,SKILLED,,,,EXCELLENT,NONE,25,1,,,,Premium security door. Popular in Chennai/Coimbatore urban homes. SS 304 for coastal corrosion resistance.
178,Sliding Glass Door (12mm Toughened),DOOR_WINDOW,Glass,Balcony and patio sliding door,sqm,800,1300,1050,ALL,,AVERAGE,"Hot_Humid,Hot_Dry,Composite,Warm_Humid",2,0,MANUFACTURED,MEDIUM,SKILLED,,,,EXCELLENT,NONE,25,1,,,,Toughened safety glass. Saint Gobain/AIS brands. Use low-E glass for TN heat reduction.
179,Louvered Window (Wooden Adjustable),DOOR_WINDOW,Country Wood,Ventilation window traditional,sqm,600,1000,800,ALL,,AVERAGE,"Hot_Humid,Hot_Dry,Composite,Warm_Humid",4,1,MANUFACTURED,MEDIUM,SKILLED,,,,GOOD,NONE,25,1,,,,Adjustable wooden louvers for TN cross-ventilation. Baker-recommended for natural cooling.
180,Mosquito Mesh Window (SS 304 Mesh),DOOR_WINDOW,Steel,Window insect screen all rooms,sqm,120,200,160,ALL,,AVERAGE,"Hot_Humid,Hot_Dry,Composite,Warm_Humid",2,0,MANUFACTURED,MEDIUM,SKILLED,,,,GOOD,NONE,25,1,,,,Essential in TN for dengue prevention. SS304 for coastal areas. Aluminium frame with SS mesh.
181,Skylight (Polycarbonate Double-Wall),DOOR_WINDOW,Polycarbonate,Staircase and bathroom daylighting,sqm,600,1000,800,ALL,,AVERAGE,"Hot_Humid,Hot_Dry,Composite,Warm_Humid",2,0,MANUFACTURED,MEDIUM,SKILLED,,,,GOOD,NONE,25,1,,,,Double-wall for insulation. UV-protected. Reduces daytime lighting cost. Popular in TN urban homes.
182,Exposed Brick Finish (Clear Sealant),FINISHING,Exposed Finish,Feature wall interior/exterior,sqm,30,50,40,ALL,,AVERAGE,"Hot_Humid,Hot_Dry,Composite,Warm_Humid",4,1,MANUFACTURED,VERY_LOW,SKILLED,5,,,AVERAGE,10_YEARS,15,1,,,,"Trendy exposed brick look. Clean joints, apply clear polyurethane sealant. Works with TN red brick."
183,Cement Texture Plaster (Stamped Pattern),FINISHING,Decorative Plaster,Exterior feature wall,sqm,80,140,110,ALL,,AVERAGE,"Hot_Humid,Hot_Dry,Composite,Warm_Humid",2,0,MANUFACTURED,MEDIUM,SKILLED,5,,,AVERAGE,10_YEARS,15,1,,,,Stamped patterns mimic stone/brick. Affordable alternative to cladding in TN homes.
184,Natural Stone Cladding (Granite Strip),FINISHING,Stone Cladding,Exterior elevation cladding,sqm,400,700,550,ALL,,AVERAGE,"Hot_Humid,Hot_Dry,Composite,Warm_Humid",2,0,MANUFACTURED,MEDIUM,SPECIALIST,4,,,AVERAGE,10_YEARS,50,1,,,,TN granite strips for elevation. Dry-fix or wet-fix. Popular in Coimbatore and Chennai villas.
185,ACP Cladding Panel (4mm Aluminium Composite),FINISHING,ACP Panel,Modern exterior elevation,sqm,500,850,675,ALL,,AVERAGE,"Hot_Humid,Hot_Dry,Composite,Warm_Humid",2,0,MANUFACTURED,MEDIUM,SKILLED,4,,,EXCELLENT,10_YEARS,15,1,,,,Fire-rated ACP for exterior. Alucobond/Aludecor. Popular in TN commercial-residential mixed use.
186,Anti-Fungal Wall Putty (White),FINISHING,Wall Putty,Interior wall surface preparation,sqm,12,20,16,ALL,,AVERAGE,"Hot_Humid,Hot_Dry,Composite,Warm_Humid",2,0,MANUFACTURED,MEDIUM,SKILLED,1,,,AVERAGE,5_YEARS,15,1,,,,Birla White/JK Cement. Anti-fungal variant essential for TN's humid coastal zones. 2 coats.
187,Waterproof Exterior Primer,FINISHING,Primer,Exterior wall paint primer,sqm,8,14,11,ALL,,AVERAGE,"Hot_Humid,Hot_Dry,Composite,Warm_Humid",2,0,MANUFACTURED,MEDIUM,SKILLED,1,,,EXCELLENT,5_YEARS,15,1,,,,Apply before exterior paint. Asian Paints Decoprimer. Seals surface from TN monsoon moisture.
188,Stucco Finish (Mediterranean Style),FINISHING,Stucco,Premium exterior wall finish,sqm,120,200,160,ALL,,AVERAGE,"Hot_Humid,Hot_Dry,Composite,Warm_Humid",2,0,MANUFACTURED,MEDIUM,SPECIALIST,5,,,AVERAGE,10_YEARS,15,1,,,,Hand-trowelled finish popular in ECR (East Coast Road) beach houses near Chennai.
189,Lime Render with Natural Pigment,FINISHING,Lime Plaster,Eco-friendly coloured wall finish,sqm,80,130,105,ALL,,AVERAGE,"Hot_Humid,Hot_Dry,Composite,Warm_Humid",4,1,LOCALLY_SOURCED,VERY_LOW,SKILLED,5,,,AVERAGE,10_YEARS,40,1,,,,Natural earth pigments in lime plaster. Baker technique. No paint needed. Self-healing micro-cracks.
190,"Fibre Reinforced Concrete (FRC, Steel Fibre)",STRUCTURAL,Concrete,Industrial flooring and water tank,cum,8000,11000,9500,ALL,,POOR,"Hot_Humid,Hot_Dry,Composite,Warm_Humid",2,0,MANUFACTURED,HIGH,SKILLED,,,,AVERAGE,NONE,80,1,1,,,Steel fibre 30kg/m3. For jointless floor slabs and water tanks. Reduces crack width in TN heat.
191,Self-Compacting Concrete (SCC M30),STRUCTURAL,Concrete,Congested reinforcement column,cum,8500,11500,10000,ALL,,POOR,"Hot_Humid,Hot_Dry,Composite,Warm_Humid",2,0,MANUFACTURED,HIGH,SPECIALIST,,30,,AVERAGE,NONE,80,1,1,,,No vibration needed. For heavily reinforced sections. Premium product from TN RMC plants.
192,"Welded Wire Mesh (4mm, 100x100mm)",STRUCTURAL,Steel Mesh,Slab reinforcement and plaster mesh,sqm,50,80,65,ALL,,POOR,"Hot_Humid,Hot_Dry,Composite,Warm_Humid",2,0,MANUFACTURED,HIGH,SKILLED,,,,AVERAGE,NONE,80,1,1,,,For slab distribution steel and plaster crack prevention. Reduces labour for bar tying.
193,HYSD Bar Binding Wire (18 Gauge),STRUCTURAL,Binding Wire,Rebar tying and reinforcement,kg,65,85,75,ALL,,POOR,"Hot_Humid,Hot_Dry,Composite,Warm_Humid",2,0,MANUFACTURED,HIGH,SKILLED,,,,AVERAGE,NONE,80,1,,,,Annealed soft wire for tying TMT bars. 8-10 kg per tonne of steel. Keep dry to prevent rust.
194,Centering Steel Plate (Formwork),STRUCTURAL,Formwork,Slab and beam concrete formwork,sqm,35,55,45,ALL,,POOR,"Hot_Humid,Hot_Dry,Composite,Warm_Humid",2,0,MANUFACTURED,HIGH,SKILLED,,,,AVERAGE,NONE,80,1,,,,Steel shuttering rental rate per use. 80+ reuses. Better finish than plywood. Common in TN urban sites.
195,Marine Plywood Formwork (12mm BWP),STRUCTURAL,Formwork,Column and curved concrete formwork,sqm,120,180,150,ALL,,POOR,"Hot_Humid,Hot_Dry,Composite,Warm_Humid",2,0,MANUFACTURED,HIGH,SKILLED,,,,AVERAGE,NONE,80,1,,,,For columns and curves where steel can't flex. BWP grade for TN humidity. 8-12 reuses.
196,Micro Concrete (Precision Repair Mortar),STRUCTURAL,Repair Mortar,Structural repair and rehabilitation,kg,35,55,45,ALL,,POOR,"Hot_Humid,Hot_Dry,Composite,Warm_Humid",2,0,MANUFACTURED,HIGH,SPECIALIST,,,,AVERAGE,NONE,80,1,1,,,"For RCC repair works. Flowable, non-shrink. Fosroc Renderoc/Sika MonoTop. Common in TN coastal repair."
197,Aerogel Insulation Sheet (10mm),INSULATION,Aerogel,Ultra-thin wall and roof insulation,sqm,1500,2500,2000,ALL,,EXCELLENT,"Hot_Humid,Hot_Dry,Composite,Warm_Humid",2,0,IMPORTED,MEDIUM,SPECIALIST,,,,AVERAGE,NONE,30,1,,,,Highest insulation per mm. For space-constrained TN urban homes. 10mm = 50mm EPS equivalent.
198,Cellulose Fibre Insulation (Blown-In),INSULATION,Cellulose,Attic and cavity wall insulation,sqm,100,170,135,ALL,,EXCELLENT,"Hot_Humid,Hot_Dry,Composite,Warm_Humid",5,0,MANUFACTURED,VERY_LOW,SPECIALIST,,,,AVERAGE,NONE,30,1,,,,Recycled newspaper fibre. Blown into cavities. Eco-friendly option gaining traction in TN green buildings.
199,Cork Insulation Board (50mm),INSULATION,Cork Board,Wall and underfloor insulation,sqm,350,550,450,ALL,,EXCELLENT,"Hot_Humid,Hot_Dry,Composite,Warm_Humid",5,0,IMPORTED,VERY_LOW,SPECIALIST,,,,AVERAGE,NONE,30,1,,,,Natural cork insulation. Hypoallergenic and breathable. Premium eco option for TN green homes.
200,"Calcium Silicate Board (6mm, Ceiling)",INSULATION,Calcium Silicate,False ceiling thermal and fire barrier,sqm,80,130,105,ALL,,EXCELLENT,"Hot_Humid,Hot_Dry,Composite,Warm_Humid",2,0,IMPORTED,MEDIUM,SPECIALIST,,,,AVERAGE,NONE,30,1,,,,Fire-rated ceiling board. Everest/Ramco brands. For kitchen and utility false ceiling in TN homes.
201,"Vacuum Insulation Panel (VIP, 20mm)",INSULATION,VIP,Ultra-thin premium roof insulation,sqm,3000,5000,4000,ALL,,EXCELLENT,"Hot_Humid,Hot_Dry,Composite,Warm_Humid",2,0,IMPORTED,MEDIUM,SPECIALIST,,,,AVERAGE,NONE,30,1,,,,Most efficient insulation technology. For premium TN homes where space is critical. Handle with care.
202,Bentonite Clay Waterproofing Sheet,WATERPROOFING,Bentonite Sheet,Below-grade foundation waterproofing,sqm,300,500,400,ALL,,AVERAGE,"Hot_Humid,Hot_Dry,Composite,Warm_Humid",2,0,MANUFACTURED,MEDIUM,SPECIALIST,,,,EXCELLENT,10_YEARS,15,1,,,,Self-healing bentonite clay. For basement waterproofing in TN's high water table areas (Chennai coast).
203,Epoxy Floor Coating (Waterproof),WATERPROOFING,Epoxy Coating,Garage and utility room waterproof floor,sqm,150,250,200,ALL,,AVERAGE,"Hot_Humid,Hot_Dry,Composite,Warm_Humid",2,0,MANUFACTURED,MEDIUM,SKILLED,,,,EXCELLENT,10_YEARS,15,1,,,,Two-component epoxy. Seamless waterproof floor. Popular in TN car porches and garages.
204,Polymer Modified Cement Slurry (Tank Coat),WATERPROOFING,Polymer Slurry,Water tank internal waterproofing,sqm,60,100,80,ALL,,AVERAGE,"Hot_Humid,Hot_Dry,Composite,Warm_Humid",2,0,MANUFACTURED,MEDIUM,SKILLED,,,,EXCELLENT,10_YEARS,15,1,,,,For overhead and underground tank waterproofing. Dr. Fixit Pidicrete URP. 2 coats minimum.
205,Silicone Water Repellent (Exterior Spray),WATERPROOFING,Silicone Spray,Exterior brick and stone water repellent,sqm,20,35,27.5,ALL,,AVERAGE,"Hot_Humid,Hot_Dry,Composite,Warm_Humid",2,0,MANUFACTURED,MEDIUM,SKILLED,,,,EXCELLENT,10_YEARS,15,1,,,,Transparent spray for exposed brick/stone walls. Wacker/Dow brands. Repels rain without changing appearance.
206,PVC Waterproofing Membrane (1.5mm),WATERPROOFING,PVC Membrane,Terrace and podium waterproofing,sqm,350,550,450,ALL,,AVERAGE,"Hot_Humid,Hot_Dry,Composite,Warm_Humid",2,0,MANUFACTURED,MEDIUM,SPECIALIST,,,,EXCELLENT,10_YEARS,15,1,,,,Mechanically fixed PVC sheet. 15+ year warranty. For premium TN terrace waterproofing. Sika/Firestone.
207,Pile Foundation (RCC Bored Cast-In-Situ),FOUNDATION,Pile Foundation,Deep foundation for weak soil,running_m,3500,5500,4500,ALL,,AVERAGE,"Hot_Humid,Hot_Dry,Composite,Warm_Humid",2,0,MANUFACTURED,HIGH,SPECIALIST,,,,GOOD,NONE,80,1,1,,,For Chennai's marine clay soil. 300-450mm diameter. Depth based on soil investigation report.
208,Well Foundation (Caisson Type),FOUNDATION,Well Foundation,Foundation in waterlogged area,cum,8000,12000,10000,ALL,,AVERAGE,"Hot_Humid,Hot_Dry,Composite,Warm_Humid",2,0,MANUFACTURED,HIGH,SPECIALIST,,,,GOOD,NONE,80,1,1,,,For high water table areas in TN river deltas. Sinking well technique. Specialist foundation.
209,Plinth Beam (RCC Tie Beam),FOUNDATION,RCC Beam,Plinth level tie beam,cum,7000,9500,8250,ALL,,AVERAGE,"Hot_Humid,Hot_Dry,Composite,Warm_Humid",2,0,MANUFACTURED,HIGH,SPECIALIST,,,,GOOD,NONE,80,1,1,,,Connects all columns at plinth level. Mandatory in TN for differential settlement prevention.
210,"DPC (Damp Proof Course, Bitumen)",FOUNDATION,DPC,Plinth level moisture barrier,sqm,25,45,35,ALL,,AVERAGE,"Hot_Humid,Hot_Dry,Composite,Warm_Humid",2,0,MANUFACTURED,HIGH,SPECIALIST,,,,GOOD,NONE,80,1,,,,Bitumen DPC at plinth level. Prevents rising damp—critical in TN's monsoon season. 2 coats minimum.
211,"Geo-Textile Fabric (Non-Woven, 200gsm)",FOUNDATION,Geotextile,Foundation soil separation and drainage,sqm,40,70,55,ALL,,AVERAGE,"Hot_Humid,Hot_Dry,Composite,Warm_Humid",2,0,MANUFACTURED,HIGH,SPECIALIST,,,,GOOD,NONE,80,1,,,,"For foundation drainage and soil stabilization. Essential in TN black cotton soil areas (Thanjavur, Salem)."
212,PP-R Pipe 20mm (Hot Water Supply),PLUMBING,PP-R Pipe,Solar water heater hot water line,running_m,55,85,70,ALL,,AVERAGE,"Hot_Humid,Hot_Dry,Composite,Warm_Humid",2,0,MANUFACTURED,MEDIUM,SKILLED,,,,EXCELLENT,5_YEARS,25,1,,,,Polypropylene random for hot water. Handles 95°C. For solar heater connections common in TN.
213,Rainwater Harvesting Filter (First Flush),PLUMBING,RWH Filter,Rainwater harvesting system filter,per_piece,3000,6000,4500,ALL,,AVERAGE,"Hot_Humid,Hot_Dry,Composite,Warm_Humid",5,1,MANUFACTURED,MEDIUM,SKILLED,,,,EXCELLENT,ANNUAL,25,1,,,,Mandatory in TN since 2001. First-flush diverter + sand-gravel filter. Chennai Metro Water approved.
214,Borewell Casing Pipe (PVC 6-inch),PLUMBING,Borewell Pipe,Borewell lining and casing,running_m,200,350,275,ALL,,AVERAGE,"Hot_Humid,Hot_Dry,Composite,Warm_Humid",2,0,MANUFACTURED,MEDIUM,SPECIALIST,,,,EXCELLENT,5_YEARS,25,1,,,,For TN borewells (typical depth 100-300ft). Slotted section at aquifer level. Supreme/Astral brands.
215,Solar Water Heater (100L FPC Type),PLUMBING,Solar Heater,Roof-mounted domestic hot water,per_piece,18000,28000,23000,ALL,,AVERAGE,"Hot_Humid,Hot_Dry,Composite,Warm_Humid",5,0,MANUFACTURED,LOW,SKILLED,,,,EXCELLENT,ANNUAL,20,1,,,,Flat plate collector type. TN TEDA subsidy available. 100L sufficient for 3-4 member family.
216,"Septic Tank (FRP Prefab, 1000L)",PLUMBING,Septic Tank,Individual house sewage treatment,per_piece,15000,25000,20000,ALL,,AVERAGE,"Hot_Humid,Hot_Dry,Composite,Warm_Humid",2,0,MANUFACTURED,MEDIUM,SKILLED,,,,EXCELLENT,5_YEARS,25,1,,,,For areas without TN underground drainage. FRP prefab for quick installation. Size per IS 2470.
217,STP Bio-Digester Tank (1500L),PLUMBING,Bio-Digester,Eco-friendly sewage treatment,per_piece,35000,55000,45000,ALL,,AVERAGE,"Hot_Humid,Hot_Dry,Composite,Warm_Humid",5,0,MANUFACTURED,LOW,SPECIALIST,,,,EXCELLENT,5_YEARS,25,1,,,,DRDO technology bio-digester. Zero-discharge system. Growing adoption in TN rural housing.
218,Solar Inverter (3kW Grid-Tie),ELECTRICAL,Solar Inverter,Rooftop solar power conversion,per_piece,25000,40000,32500,ALL,,AVERAGE,"Hot_Humid,Hot_Dry,Composite,Warm_Humid",4,0,MANUFACTURED,LOW,SPECIALIST,,,,GOOD,NONE,20,1,,,,For rooftop solar. Delta/SMA/Growatt brands. TN net metering compatible. 5-year warranty.
219,"LED Panel Light (18W Square, Recessed)",ELECTRICAL,LED Light,Ceiling recessed lighting all rooms,per_piece,250,450,350,ALL,,AVERAGE,"Hot_Humid,Hot_Dry,Composite,Warm_Humid",4,0,MANUFACTURED,LOW,SKILLED,,,,GOOD,NONE,15,1,,,,Philips/Havells/Syska. 18W = 100W incandescent equivalent. Energy savings critical in TN's hot summers.
220,Ceiling Fan (BLDC Energy Efficient),ELECTRICAL,Fan,Room ceiling fan all bedrooms,per_piece,2500,4500,3500,ALL,,AVERAGE,"Hot_Humid,Hot_Dry,Composite,Warm_Humid",4,0,MANUFACTURED,LOW,SKILLED,,,,GOOD,NONE,20,1,,,,BLDC motor uses 30W vs 75W regular. Atomberg/Superfan brands. Essential energy savings for TN climate.
221,UPS/Inverter Battery (150Ah Tubular),ELECTRICAL,Battery,Power backup for essential loads,per_piece,12000,18000,15000,ALL,,AVERAGE,"Hot_Humid,Hot_Dry,Composite,Warm_Humid",2,0,MANUFACTURED,MEDIUM,SKILLED,,,,GOOD,ANNUAL,4,1,,,,Exide/Amaron tubular. For TN's power cuts (improving but still common in rural areas). 3-4 year life.
222,Lightning Arrester (ESE Type),ELECTRICAL,Lightning Protection,Building lightning protection,per_piece,15000,30000,22500,ALL,,AVERAGE,"Hot_Humid,Hot_Dry,Composite,Warm_Humid",2,0,MANUFACTURED,MEDIUM,SPECIALIST,,,,GOOD,ANNUAL,20,1,,,,Mandatory for buildings above 15m in TN. Early Streamer Emission type. Annual testing required.
223,Hempcrete Block (Hemp-Lime Composite),SUSTAINABLE,Hempcrete,Non-load bearing insulated wall,per_piece,25,40,32.5,ALL,,EXCELLENT,"Hot_Humid,Hot_Dry,Composite,Warm_Humid",5,0,LOCALLY_SOURCED,VERY_LOW,SKILLED,,,,AVERAGE,10_YEARS,30,0,0,#C4B77D,xxx,Experimental in TN. Carbon-negative material. Excellent insulation. IIT Madras research material.
224,Papercrete Block (Recycled Paper-Cement),SUSTAINABLE,Papercrete,Partition wall and garden wall,per_piece,15,25,20,ALL,,GOOD,"Hot_Humid,Hot_Dry,Composite,Warm_Humid",5,0,LOCALLY_SOURCED,VERY_LOW,SKILLED,,,,AVERAGE,10_YEARS,30,0,0,,,Recycled waste paper + cement. Lightweight insulating block. Experimental use in TN eco-homes.
225,Recycled Plastic Lumber (HDPE),SUSTAINABLE,Recycled Plastic,Outdoor furniture and decking,running_m,200,350,275,ALL,,GOOD,"Hot_Humid,Hot_Dry,Composite,Warm_Humid",5,0,MANUFACTURED,VERY_LOW,SKILLED,,,,EXCELLENT,10_YEARS,40,0,0,,,"From recycled milk packets. Waterproof, no maintenance. Good for TN coastal and garden applications."
226,Fly Ash Lime Gypsum Brick (FaL-G),SUSTAINABLE,FaL-G Brick,Non-load bearing wall,per_piece,4,7,5.5,ALL,,GOOD,"Hot_Humid,Hot_Dry,Composite,Warm_Humid",5,0,LOCALLY_SOURCED,VERY_LOW,SKILLED,,,,AVERAGE,10_YEARS,30,1,0,,,Zero-kiln brick. Fly ash + lime + gypsum. Lowest carbon masonry. Developing market in TN.
227,Geopolymer Concrete Block,SUSTAINABLE,Geopolymer,Non-structural concrete element,per_piece,30,50,40,ALL,,GOOD,"Hot_Humid,Hot_Dry,Composite,Warm_Humid",5,0,MANUFACTURED,VERY_LOW,SPECIALIST,,,,AVERAGE,10_YEARS,30,0,0,,,Cement-free concrete using fly ash + alkaline activator. Anna University research. 80% lower carbon.
228,Mycelium Insulation Panel (Mushroom-Based),SUSTAINABLE,Mycelium,Experimental bio-insulation,sqm,500,900,700,ALL,,EXCELLENT,"Hot_Humid,Hot_Dry,Composite,Warm_Humid",5,0,MANUFACTURED,VERY_LOW,SPECIALIST,,,,AVERAGE,10_YEARS,30,0,0,,,Grown from mushroom mycelium + agricultural waste. Experimental. IIT Madras sustainability lab.
229,Bamboo Reinforced Concrete Beam,SUSTAINABLE,Bamboo-RC,Non-critical beam and lintel,running_m,300,500,400,ALL,,GOOD,"Hot_Humid,Hot_Dry,Composite,Warm_Humid",5,0,LOCALLY_SOURCED,VERY_LOW,SPECIALIST,,,,AVERAGE,10_YEARS,30,0,0,,,Bamboo as rebar replacement. 10% of steel cost. Research-stage in TN. Treat bamboo with bitumen coating.
230,Agro-Waste Particle Board (Bagasse),SUSTAINABLE,Particle Board,Interior partition and false ceiling,sqm,150,250,200,"Tiruchirappalli,Erode,Villupuram,Cuddalore",,GOOD,"Hot_Humid,Hot_Dry,Composite,Warm_Humid",5,0,LOCALLY_SOURCED,VERY_LOW,SKILLED,,,,AVERAGE,10_YEARS,30,0,0,,,From sugarcane bagasse—abundant in TN sugar belt. Eco-friendly alternative to plywood.
231,Waste Glass Aggregate Concrete,SUSTAINABLE,Recycled Concrete,Non-structural concrete elements,cum,4500,6500,5500,ALL,,GOOD,"Hot_Humid,Hot_Dry,Composite,Warm_Humid",5,0,LOCALLY_SOURCED,VERY_LOW,SKILLED,,,,AVERAGE,10_YEARS,30,0,0,,,15-20% glass aggregate replaces sand. From TN glass recycling. Smooth aesthetic finish.
232,Sisal Fibre Reinforced Mortar,SUSTAINABLE,Natural Fibre,Crack-resistant plaster and mortar,sqm,50,85,67.5,ALL,,GOOD,"Hot_Humid,Hot_Dry,Composite,Warm_Humid",5,1,LOCALLY_SOURCED,VERY_LOW,SKILLED,,,,AVERAGE,10_YEARS,30,0,0,,,Sisal fibre from TN sisal farms. Replaces steel mesh for plaster crack prevention. Baker technique.
233,Coconut Coir Pith Brick (Coco Peat Block),SUSTAINABLE,Coir Brick,Garden wall and landscape element,per_piece,10,18,14,"Thanjavur,Tirunelveli,Kanniyakumari",,GOOD,"Hot_Humid,Hot_Dry,Composite,Warm_Humid",5,0,LOCALLY_SOURCED,VERY_LOW,SKILLED,,,,AVERAGE,10_YEARS,30,0,0,,,Compressed coir pith + cement. Lightweight garden block. From TN coir processing waste.
234,Rubble-Filled Gabion Wall,SUSTAINABLE,Gabion,Retaining wall and landscape wall,cum,2000,3500,2750,"Nilgiris,Dindigul,Theni,Krishnagiri",,GOOD,"Hot_Humid,Hot_Dry,Composite,Warm_Humid",5,1,LOCALLY_SOURCED,VERY_LOW,SKILLED,,,,EXCELLENT,10_YEARS,50,1,1,#8B8680,OO,"Wire mesh cage filled with local stone. For slope retention in TN's hilly terrain (Nilgiris, Dindigul)."
235,Earth Bag Wall (Superadobe),SUSTAINABLE,Earthbag,Dome house and retaining wall,running_m,100,180,140,ALL,,GOOD,"Hot_Humid,Hot_Dry,Composite,Warm_Humid",5,0,LOCALLY_SOURCED,VERY_LOW,SKILLED,,,,AVERAGE,10_YEARS,30,0,0,,,Polypropylene bags filled with local earth. Nader Khalili technique. Experimental eco-housing in TN.
236,Kadapa Black Granite Kitchen Counter (25mm),FLOORING,Granite,Kitchen countertop and platform,sqm,600,950,775,ALL,,AVERAGE,"Hot_Humid,Hot_Dry,Composite,Warm_Humid",3,0,REGIONALLY_SOURCED,MEDIUM,SKILLED,25,180,2.9,EXCELLENT,NONE,80,1,,,,Polished black granite from AP. Standard TN kitchen platform material. Edge profiles: bullnose or chamfer.
237,Quartz Engineered Stone Counter (20mm),FLOORING,Engineered Stone,Premium kitchen countertop,sqm,2500,4500,3500,ALL,,AVERAGE,"Hot_Humid,Hot_Dry,Composite,Warm_Humid",2,0,MANUFACTURED,HIGH,SPECIALIST,20,,,EXCELLENT,NONE,30,1,,,,"Caesarstone/Kalinga Stone. Non-porous, no sealing needed. Popular in premium Chennai homes."
238,"RCC Sunshade (Chajja, 600mm projection)",STRUCTURAL,RCC Element,Window sunshade and rain protection,running_m,800,1200,1000,ALL,,GOOD,"Hot_Humid,Hot_Dry,Composite,Warm_Humid",2,1,MANUFACTURED,HIGH,SKILLED,75,20,1.58,GOOD,10_YEARS,60,1,,#808080,\\\\,Essential in TN for monsoon rain protection. Baker recommends 600mm+ projection. Drip groove underneath.
239,Precast Concrete Staircase (Standard Residential),STRUCTURAL,Precast Concrete,Internal staircase residential,per_piece,35000,55000,45000,"Chennai,Coimbatore,Tiruchirappalli,Madurai","Nilgiris,Ramanathapuram",POOR,"Hot_Humid,Hot_Dry,Composite,Warm_Humid",2,0,MANUFACTURED,HIGH,SPECIALIST,150,25,1.58,GOOD,NONE,80,1,1,#808080,\\\\,Factory-made precast stairs. Faster than cast-in-situ. Available from TN precast manufacturers.
240,"GI Rain Water Gutter (Half Round, 125mm)",PLUMBING,Rain Gutter,Roof rainwater collection gutter,running_m,180,280,230,ALL,,AVERAGE,"Hot_Humid,Hot_Dry,Composite,Warm_Humid",2,0,MANUFACTURED,MEDIUM,SKILLED,,,,EXCELLENT,5_YEARS,20,1,,,,For sloped roof rainwater collection. Connect to RWH system mandatory in TN. Paint for corrosion protection.
241,SWG (Stone Water Ground) Recharge Well Kit,PLUMBING,RWH System,Rainwater harvesting groundwater recharge,per_piece,8000,15000,11500,ALL,,AVERAGE,"Hot_Humid,Hot_Dry,Composite,Warm_Humid",5,1,LOCALLY_SOURCED,VERY_LOW,SKILLED,,,,EXCELLENT,ANNUAL,30,1,,,,TN government mandated RWH. Percolation pit with filter media. Chennai Metro Water standard design.
242,Exterior Grade Plywood (19mm BWR),DOOR_WINDOW,Plywood,Door shutter and built-in furniture,sqm,400,650,525,ALL,,AVERAGE,"Hot_Humid,Hot_Dry,Composite,Warm_Humid",2,0,MANUFACTURED,MEDIUM,SKILLED,19,,0.14,GOOD,10_YEARS,20,1,,,,"Centuryply/Greenply BWR grade. For TN's humidity, always use BWR minimum. Termite-treated."
243,"Cement Board (Fibre Cement, 8mm)",FINISHING,Cement Board,False ceiling and partition panel,sqm,45,75,60,ALL,,AVERAGE,"Hot_Humid,Hot_Dry,Composite,Warm_Humid",3,0,MANUFACTURED,MEDIUM,SEMI_SKILLED,8,,,GOOD,NONE,30,1,,,,Everest/Ramco fibre cement. Better than gypsum for TN's humid areas. Can be used in bathrooms.
244,Gypsum Board False Ceiling (12.5mm),FINISHING,Gypsum Board,Interior false ceiling all rooms,sqm,65,110,87.5,ALL,,AVERAGE,"Hot_Humid,Hot_Dry,Composite,Warm_Humid",2,0,MANUFACTURED,MEDIUM,SKILLED,12.5,,,POOR,10_YEARS,20,1,,,,Gyproc/Saint Gobain. GI channel framework. Use moisture-resistant variant near TN coastal areas.
245,Metal False Ceiling (Aluminium Grid),FINISHING,Metal Ceiling,Kitchen and bathroom false ceiling,sqm,120,200,160,ALL,,AVERAGE,"Hot_Humid,Hot_Dry,Composite,Warm_Humid",2,0,MANUFACTURED,HIGH,SKILLED,,,,EXCELLENT,NONE,30,1,,,,Hunter Douglas/Armstrong. Clip-in system. Ideal for TN kitchen and bathroom—fully washable.
246,Natural Coir Door Mat (Heavy Duty),SUSTAINABLE,Coir Product,Entrance doorstep mat,per_piece,200,400,300,"Thanjavur,Tirunelveli,Kanniyakumari,Coimbatore",,AVERAGE,"Hot_Humid,Hot_Dry,Composite,Warm_Humid",5,0,LOCALLY_SOURCED,VERY_LOW,UNSKILLED,25,,,GOOD,ANNUAL,3,0,,,,TN coir industry product. Pollachi and Tirunelveli coir clusters. Biodegradable entrance mat.
247,Stabilized Rammed Earth Plinth (300mm),FOUNDATION,Rammed Earth,Plinth wall for eco-housing,cum,2200,3800,3000,ALL,,EXCELLENT,"Hot_Dry,Composite",5,1,LOCALLY_SOURCED,VERY_LOW,SPECIALIST,300,3,0.6,AVERAGE,5_YEARS,50,1,1,#9B7653,|||,Rammed earth at plinth level. Stabilized with 6% cement. Needs DPC above and below. Auroville technique.
248,AB Switch and Main Distribution Panel (EB),ELECTRICAL,Distribution Panel,Electricity board main connection panel,per_piece,3000,5000,4000,ALL,,AVERAGE,"Hot_Humid,Hot_Dry,Composite,Warm_Humid",2,0,MANUFACTURED,MEDIUM,SPECIALIST,,,,GOOD,NONE,30,1,,,,TNEB-approved panel. 40A/63A for residential. Schneider/Havells. Install at compound wall height per EB norms.
249,Energy Meter Box (Single Phase Smart Meter),ELECTRICAL,Metering,TNEB energy metering point,per_piece,1000,2000,1500,ALL,,AVERAGE,"Hot_Humid,Hot_Dry,Composite,Warm_Humid",2,0,MANUFACTURED,MEDIUM,SPECIALIST,,,,GOOD,NONE,20,1,,,,TNEB smart meter rollout underway. Weather-proof enclosure for TN rain. Wall-mounted at accessible height.
250,"Coir Geotextile (Erosion Control, 700gsm)",SUSTAINABLE,Coir Geotextile,Slope erosion control and landscaping,sqm,50,90,70,"Thanjavur,Tirunelveli,Kanniyakumari,Nilgiris",,AVERAGE,"Hot_Humid,Warm_Humid",5,1,LOCALLY_SOURCED,VERY_LOW,UNSKILLED,10,,,GOOD,ANNUAL,5,1,,,,Biodegradable erosion control. TN coir board promotes. For Nilgiris slope stabilization and garden terracing.
