path_id,from_space,to_space,path_type,movement_direction,min_passage_width_m,max_hops_from_entrance,privacy_level,bhk_applicability,facing_dependency,reason,nbc_reference,vastu_basis,violation_consequence,graph_edge_weight,is_critical_path
1,outside,main_gate,DIRECT_ENTRY,BIDIRECTIONAL,1.2,0,PUBLIC,"1BHK,2BHK,3BHK,4BHK",ANY,Main gate is the primary boundary between public road and private plot in Tamil Nadu residential layout,NBC 2016 Part 4 Sec 5,0,No plot entry point — residents and visitors have no defined access to the property,1,1
2,main_gate,verandah,DIRECT_ENTRY,BIDIRECTIONAL,1.2,0,PUBLIC,"1BHK,2BHK,3BHK,4BHK",ANY,Pathway from gate to verandah forms the arrival sequence core in every Tamil Nadu home from village to city,NBC 2016 Part 4 Sec 5,1,Broken entry sequence — visitor has no guided path from gate to house front,1,1
3,outside,verandah,DIRECT_ENTRY,BIDIRECTIONAL,1.2,0,PUBLIC,"1BHK,2BHK,3BHK,4BHK",ANY,On compact urban plots in Chennai and Coimbatore the verandah opens directly onto the street frontage,NBC 2016 Part 4 Sec 5,0,No transition space between public street and home interior causes privacy and security failure,0.95,1
4,verandah,living,DIRECT_ENTRY,BIDIRECTIONAL,1.2,1,PUBLIC,"1BHK,2BHK,3BHK,4BHK",ANY,Verandah to living room is the primary threshold crossing in Tamil Nadu homes often marked by archway or step,NBC 2016 Part 4 Sec 5,1,Living room becomes unreachable from entry — entire house circulation graph is broken,1,1
5,living,dining,DIRECT_ENTRY,BIDIRECTIONAL,1.2,1,PUBLIC,"1BHK,2BHK,3BHK,4BHK",ANY,Living and dining are typically one open space or connected by wide archway in Tamil Nadu residential practice,NBC 2016 Part 4 Sec 5,0,Dining isolated from living forces circuitous routes for daily meals and guest hospitality,0.9,1
6,living,master_bedroom,DIRECT_ENTRY,BIDIRECTIONAL,0.9,2,PRIVATE,"2BHK,3BHK,4BHK",ANY,Master bedroom accessed from living room maintains privacy hierarchy with one-hop separation from entry,,1,Master bedroom unreachable or accessible only through another bedroom — privacy and circulation failure,0.95,1
7,master_bedroom,toilet_attached,DIRECT_ENTRY,BIDIRECTIONAL,0.75,3,PRIVATE,"2BHK,3BHK,4BHK",ANY,Attached toilet is exclusive to master bedroom occupants ensuring privacy per Tamil Nadu building norms,NBC 2016 Part 9 Sec 4,0,Master bedroom residents must use common toilet — defeats purpose of attached bath and reduces property value,0.85,1
8,living,kitchen,DIRECT_ENTRY,BIDIRECTIONAL,0.9,2,SERVICE,"1BHK,2BHK,3BHK,4BHK",ANY,Kitchen must be reachable from living for daily use but positioned to contain cooking odors and noise,NBC 2016 Part 4 Sec 5,1,Kitchen becomes dead-end or accessible only through bedroom — fundamental circulation and vastu violation,0.9,1
9,living,bedroom_2,DIRECT_ENTRY,BIDIRECTIONAL,0.9,2,PRIVATE,"2BHK,3BHK,4BHK",ANY,Second bedroom opens from living room or passage connecting to living in standard Tamil Nadu floor plans,,0,Bedroom 2 accessible only through master bedroom or kitchen — severe privacy and convenience failure,0.85,1
10,living,toilet_common,DIRECT_ENTRY,BIDIRECTIONAL,0.75,2,SEMI_PRIVATE,"1BHK,2BHK,3BHK,4BHK",ANY,Common toilet accessible from living area serves guests and non-master-bedroom residents in Tamil Nadu homes,NBC 2016 Part 9 Sec 4,0,Common toilet unreachable from living — guests have no sanitation access creating serious usability failure,0.8,1
11,kitchen,utility,DIRECT_ENTRY,BIDIRECTIONAL,0.75,3,SERVICE,"2BHK,3BHK,4BHK",ANY,Utility room directly behind kitchen for washing and service work is standard Tamil Nadu service zone layout,NBC 2016 Part 4 Sec 5,0,Utility room accessible only through bedroom or living — wet service activities intrude on private and public zones,0.75,1
12,living,pooja,DIRECT_ENTRY,BIDIRECTIONAL,0.75,2,SEMI_PRIVATE,"1BHK,2BHK,3BHK,4BHK",ANY,Pooja room ideally in northeast accessible from living room as per vastu shastra widely followed in Tamil Nadu,NBC 2016 Part 4 Sec 5,1,Pooja room tucked behind kitchen or toilet contradicts vastu and cultural significance of prayer space placement,0.7,0
13,living,staircase,DIRECT_ENTRY,BIDIRECTIONAL,0.9,2,PUBLIC,"2BHK,3BHK,4BHK",ANY,Staircase accessed from living area provides vertical circulation to upper floors and terrace in multi-story homes,NBC 2016 Part 4 Sec 6,0,Staircase accessible only through bedroom or kitchen — family members must pass through private zones to change floors,0.8,1
14,dining,kitchen,DIRECT_ENTRY,BIDIRECTIONAL,0.9,2,SERVICE,"1BHK,2BHK,3BHK,4BHK",ANY,Dining to kitchen direct access is essential for food service in Tamil Nadu homes where meals are served hot,NBC 2016 Part 4 Sec 5,1,Food must traverse living room or passage to reach dining table — impractical and violates kitchen-dining adjacency norm,0.85,0
15,living,passage,DIRECT_ENTRY,BIDIRECTIONAL,1.05,1,SEMI_PRIVATE,"2BHK,3BHK,4BHK",ANY,Central passage distributes circulation from living to bedrooms and toilets in larger Tamil Nadu homes,NBC 2016 Part 4 Sec 5,0,No passage means every bedroom door opens directly into living — reduces privacy and creates visual clutter,0.8,0
16,passage,bedroom_2,DIRECT_ENTRY,BIDIRECTIONAL,0.9,3,PRIVATE,"3BHK,4BHK",ANY,In 3BHK and 4BHK layouts bedrooms open off a central passage rather than directly from living room,,0,Bedroom accessible only through another bedroom creating nested privacy violation and fire egress concern,0.75,0
17,passage,bedroom_3,DIRECT_ENTRY,BIDIRECTIONAL,0.9,3,PRIVATE,"3BHK,4BHK",ANY,Third bedroom served by passage in larger homes typical of joint family layouts in Tamil Nadu cities,,0,Bedroom 3 becomes land-locked with no independent access — family member must cross another bedroom,0.75,0
18,passage,bedroom_4,DIRECT_ENTRY,BIDIRECTIONAL,0.9,3,PRIVATE,4BHK,ANY,Fourth bedroom in premium 4BHK homes accessed via passage ensuring each room has independent private access,,0,Bedroom 4 accessible only through bedroom 3 — cascading privacy failure unacceptable in modern housing,0.7,0
19,passage,toilet_common,DIRECT_ENTRY,BIDIRECTIONAL,0.75,3,SEMI_PRIVATE,"3BHK,4BHK",ANY,Common toilet opening off passage rather than living room is preferred in larger layouts for better privacy,,0,Common toilet visible from living when passage door is open — reduces visual privacy for toilet users,0.65,0
20,staircase,terrace,DIRECT_ENTRY,BIDIRECTIONAL,0.9,3,SEMI_PRIVATE,"2BHK,3BHK,4BHK",ANY,Terrace access via staircase is essential for clothes drying water tank access and evening leisure in TN homes,NBC 2016 Part 4 Sec 6,0,Terrace becomes inaccessible — residents cannot dry clothes maintain water tanks or use rooftop space,0.7,0
21,living,courtyard,DIRECT_ENTRY,BIDIRECTIONAL,1.2,2,PUBLIC,"3BHK,4BHK",ANY,Internal courtyard connected to living brings natural light and ventilation central to traditional Tamil Nadu architecture,NBC 2016 Part 8 Sec 2,1,Courtyard isolated from living loses its role as light well and social gathering space in the house,0.65,0
22,verandah,courtyard,DIRECT_ENTRY,BIDIRECTIONAL,1.2,1,PUBLIC,"3BHK,4BHK",ANY,Verandah-courtyard axis creates the traditional thinnai-mutram sequence found in chettinad and agraharam homes,,1,Loss of traditional spatial sequence that defines Tamil Nadu vernacular architecture and natural ventilation path,0.6,0
23,kitchen,dining,DIRECT_ENTRY,BIDIRECTIONAL,0.9,2,SERVICE,"1BHK,2BHK,3BHK,4BHK",ANY,Reverse path ensuring kitchen staff and family can serve food directly to dining without traversing living space,,0,One-way service from dining to kitchen only — dirty dishes and food service create awkward single-direction flow,0.85,0
24,living,store,DIRECT_ENTRY,BIDIRECTIONAL,0.75,2,SEMI_PRIVATE,"2BHK,3BHK,4BHK",ANY,Store room for household items and seasonal goods accessible from living or passage in Tamil Nadu homes,,0,Store room accessible only through kitchen or bedroom — inconvenient for storing general household items,0.4,0
25,utility,outside,DIRECT_ENTRY,BIDIRECTIONAL,0.9,4,SERVICE,"2BHK,3BHK,4BHK",ANY,Service entrance via utility room allows domestic help and deliveries without passing through main living areas,,0,All service traffic enters through main door and living room — cooking gas delivery and maid entry disrupt family privacy,0.7,0
26,living,master_bedroom,PASSAGE_REQUIRED,BIDIRECTIONAL,0.9,2,PRIVATE,"3BHK,4BHK",ANY,In larger layouts master bedroom is accessed via passage from living maintaining separation and sound insulation,,0,Master bedroom door opens directly into living room in large house — inappropriate for 3BHK and 4BHK layouts,0.7,0
27,bedroom_2,toilet_attached,DIRECT_ENTRY,BIDIRECTIONAL,0.75,3,PRIVATE,"3BHK,4BHK",ANY,Second attached toilet for bedroom 2 in premium 3BHK and 4BHK layouts common in Coimbatore and Chennai apartments,,0,Bedroom 2 residents share common toilet reducing privacy and property marketability in premium segment,0.6,0
28,car_porch,main_gate,DIRECT_ENTRY,BIDIRECTIONAL,3,0,PUBLIC,"2BHK,3BHK,4BHK",ANY,Car porch directly accessible from main gate with minimum 3m width for vehicle entry in Tamil Nadu independent houses,,0,Car must reverse out onto road without turning space — safety hazard on busy Tamil Nadu residential streets,0.7,0
29,car_porch,verandah,DIRECT_ENTRY,BIDIRECTIONAL,1.2,1,PUBLIC,"2BHK,3BHK,4BHK",ANY,Pedestrian path from car porch to verandah allows residents to walk from parked car to home entry directly,,0,Resident must exit through main gate and re-enter via footpath to reach verandah after parking — illogical,0.6,0
30,outside,master_bedroom,FORBIDDEN,BIDIRECTIONAL,,,PRIVATE,"1BHK,2BHK,3BHK,4BHK",ANY,Direct external access to bedroom is a severe privacy and security violation in Tamil Nadu residential design,NBC 2016 Part 4 Sec 5,1,Stranger from road can look or enter directly into bedroom — total privacy failure and security vulnerability,1,0
31,outside,kitchen,FORBIDDEN,BIDIRECTIONAL,,,SERVICE,"1BHK,2BHK,3BHK,4BHK",ANY,Kitchen must be internal to the house with no direct road-facing entry per Tamil Nadu building conventions,,1,Kitchen visible and accessible from road — hygiene risk dust entry and vastu violation for agni zone placement,0.95,0
32,outside,toilet_attached,FORBIDDEN,BIDIRECTIONAL,,,PRIVATE,"1BHK,2BHK,3BHK,4BHK",ANY,Attached toilet having external access defeats its private purpose and creates security opening into bedroom zone,,0,External person can access bedroom through attached toilet — privacy and security completely compromised,1,0
33,verandah,master_bedroom,FORBIDDEN,BIDIRECTIONAL,,,PRIVATE,"1BHK,2BHK,3BHK,4BHK",ANY,Bedroom must be past living room in circulation depth not directly off verandah which is semi-public in TN homes,,1,Visitor on verandah can see directly into bedroom when door opens — severe privacy violation for family,0.95,0
34,verandah,bedroom_2,FORBIDDEN,BIDIRECTIONAL,,,PRIVATE,"2BHK,3BHK,4BHK",ANY,No bedroom should be directly accessible from verandah maintaining the public-to-private circulation hierarchy,,1,Guest at verandah level can access bedroom directly — privacy hierarchy between public and private zones collapses,0.9,0
35,verandah,bedroom_3,FORBIDDEN,BIDIRECTIONAL,,,PRIVATE,"3BHK,4BHK",ANY,Third bedroom sharing wall with verandah and having direct door violates zoning depth rules in residential planning,,1,Bedroom 3 becomes a semi-public room due to verandah proximity — unsuitable for sleeping or private activities,0.85,0
36,verandah,kitchen,FORBIDDEN,BIDIRECTIONAL,,,SERVICE,"1BHK,2BHK,3BHK,4BHK",ANY,Kitchen should not open to verandah as cooking odors smoke and service activities are not for public-facing zone,,1,Cooking smells and kitchen clutter visible to visitors at verandah — poor impression and vastu agni-zone violation,0.9,0
37,kitchen,master_bedroom,FORBIDDEN,BIDIRECTIONAL,,,PRIVATE,"1BHK,2BHK,3BHK,4BHK",ANY,Kitchen-bedroom direct path violates both privacy zones and vastu where fire zone must not touch sleeping zone,,1,Cooking heat noise and odors enter bedroom directly — disturbs sleep and violates agni-shayan vastu separation,0.9,0
38,kitchen,bedroom_2,FORBIDDEN,BIDIRECTIONAL,,,PRIVATE,"2BHK,3BHK,4BHK",ANY,Service zone to private zone direct connection is forbidden to maintain acoustic and olfactory separation,,1,Kitchen noise and cooking smells penetrate bedroom 2 — especially problematic for children studying or sleeping,0.85,0
39,kitchen,bedroom_3,FORBIDDEN,BIDIRECTIONAL,,,PRIVATE,"3BHK,4BHK",ANY,No bedroom in any BHK configuration should share a direct door with kitchen per Tamil Nadu architectural standards,,1,Bedroom 3 becomes extension of service zone with cooking disturbances entering private sleeping space,0.8,0
40,toilet_attached,kitchen,FORBIDDEN,BIDIRECTIONAL,,,SERVICE,"1BHK,2BHK,3BHK,4BHK",ANY,NBC mandates no direct opening between toilet and kitchen for sanitation and hygiene in residential buildings,NBC 2016 Part 9 Sec 4.2,0,Toilet odors and bacteria can reach food preparation area — serious health code violation and NBC non-compliance,1,0
41,toilet_common,kitchen,FORBIDDEN,BIDIRECTIONAL,,,SERVICE,"1BHK,2BHK,3BHK,4BHK",ANY,Common toilet must not open directly into kitchen per NBC hygiene requirements and Tamil Nadu municipal bylaws,NBC 2016 Part 9 Sec 4.2,0,Sanitation contamination risk to food preparation area — health inspector will flag this as building code violation,1,0
42,toilet_common,dining,FORBIDDEN,BIDIRECTIONAL,,,PUBLIC,"1BHK,2BHK,3BHK,4BHK",ANY,Toilet opening directly to dining area is prohibited for hygiene and creates unpleasant experience during meals,,1,Toilet door visible and openable while family is eating — cultural taboo in Tamil Nadu and vastu dosham,0.95,0
43,toilet_attached,dining,FORBIDDEN,BIDIRECTIONAL,,,PUBLIC,"1BHK,2BHK,3BHK,4BHK",ANY,Attached toilet must open only into its parent bedroom never into dining or any shared space in the house,,1,Private toilet accessible from dining — defeats attached toilet concept and creates hygiene concern at meals,0.9,0
44,terrace,master_bedroom,FORBIDDEN,BIDIRECTIONAL,,,PRIVATE,"2BHK,3BHK,4BHK",ANY,Terrace must not have direct door into any bedroom as it creates security vulnerability from rooftop access,NBC 2016 Part 4 Sec 6,0,Intruder can access bedroom from terrace — security risk especially in multi-story buildings with shared terrace,0.85,0
45,terrace,bedroom_2,FORBIDDEN,BIDIRECTIONAL,,,PRIVATE,"2BHK,3BHK,4BHK",ANY,No terrace-bedroom direct path allowed as terrace is semi-secured space vulnerable to unauthorized rooftop entry,,0,Bedroom 2 accessible from terrace where anyone with roof access can enter — break-in vulnerability,0.8,0
46,terrace,bedroom_3,FORBIDDEN,BIDIRECTIONAL,,,PRIVATE,"3BHK,4BHK",ANY,Terrace to bedroom direct connection forbidden for security in Tamil Nadu homes where terraces adjoin neighbors,,0,Third bedroom exposed to terrace entry point — adjacent building occupants could potentially access bedroom,0.8,0
47,outside,toilet_common,FORBIDDEN,BIDIRECTIONAL,,,SEMI_PRIVATE,"1BHK,2BHK,3BHK,4BHK",ANY,Common toilet must be accessed from within the house not directly from outside to maintain sanitation standards,,0,External access to toilet invites unauthorized use and creates security gap into interior of the house,0.85,0
48,outside,dining,FORBIDDEN,BIDIRECTIONAL,,,PUBLIC,"1BHK,2BHK,3BHK,4BHK",ANY,Dining should not have direct external access maintaining the entry sequence through verandah and living room,,1,Dining area exposed to street dust and noise — food contamination risk and loss of family privacy during meals,0.8,0
49,outside,pooja,FORBIDDEN,BIDIRECTIONAL,,,SEMI_PRIVATE,"1BHK,2BHK,3BHK,4BHK",ANY,Pooja room is a sacred internal space that must be accessed only from within the home per vastu and cultural norms,,1,Sacred prayer space accessible from street — contradicts sanctity and vastu requirement for internal purity,0.75,0
50,toilet_common,pooja,FORBIDDEN,BIDIRECTIONAL,,,SEMI_PRIVATE,"1BHK,2BHK,3BHK,4BHK",ANY,Toilet must never share a wall with or open directly into pooja room per vastu shastra strictest prohibition,,1,Impure space directly adjacent to prayer room — most severe vastu dosham causing spiritual and cultural distress,1,0
51,toilet_attached,pooja,FORBIDDEN,BIDIRECTIONAL,,,SEMI_PRIVATE,"1BHK,2BHK,3BHK,4BHK",ANY,No toilet of any type may share a direct opening or even a common wall with pooja room in vastu-compliant homes,,1,Attached toilet contaminating pooja zone — clients will reject this plan outright as major vastu violation,1,0
52,bedroom_2,toilet_common,PASSAGE_REQUIRED,BIDIRECTIONAL,0.75,3,SEMI_PRIVATE,1BHK,ANY,In 1BHK layouts bedroom occupant reaches common toilet via living or passage not through a direct door,,0,Direct bedroom-to-common-toilet door in 1BHK wastes wall space and reduces room usable area unnecessarily,0.5,0
53,master_bedroom,living,PASSAGE_REQUIRED,BIDIRECTIONAL,0.9,2,PRIVATE,"3BHK,4BHK",ANY,In larger homes master bedroom opens to passage first then living for enhanced acoustic privacy from guests,,0,Master bedroom door opens directly to noisy living area in large home — inadequate sound separation for premium layout,0.6,0
54,bedroom_3,toilet_common,PASSAGE_REQUIRED,BIDIRECTIONAL,0.75,3,SEMI_PRIVATE,"3BHK,4BHK",ANY,Bedroom 3 occupants access common toilet via passage maintaining corridor-based circulation in larger plans,,0,Bedroom 3 has toilet door inside room but not attached type — confusing layout creates neither private nor shared bath,0.5,0
55,bedroom_4,toilet_common,PASSAGE_REQUIRED,BIDIRECTIONAL,0.75,3,SEMI_PRIVATE,4BHK,ANY,Bedroom 4 occupants use passage to reach common or second common toilet in 4BHK Tamil Nadu independent houses,,0,Fourth bedroom has no bathroom access route — occupants have unreasonably long path to nearest toilet facility,0.5,0
56,kitchen,pooja,PASSAGE_REQUIRED,BIDIRECTIONAL,0.75,3,SEMI_PRIVATE,"1BHK,2BHK,3BHK,4BHK",ANY,Kitchen and pooja are both ideally in northeast but must connect through living or passage not directly per vastu,,1,Kitchen steam and cooking residue enters pooja room directly — contradicts cleanliness required for sacred space,0.5,0
57,utility,living,PASSAGE_REQUIRED,BIDIRECTIONAL,0.75,3,SERVICE,"2BHK,3BHK,4BHK",ANY,Utility room is service-zone only and should not open directly into living requiring passage through kitchen area,,0,Washing machine noise and wet clothes visible from living area — service activities intrude on family social space,0.4,0
58,store,kitchen,PASSAGE_REQUIRED,BIDIRECTIONAL,0.75,3,SERVICE,"2BHK,3BHK,4BHK",ANY,Store room may connect to kitchen via passage for provisions access but direct door is optional not mandatory,,0,Store room only accessible through kitchen creates single-point-of-access bottleneck during cooking hours,0.35,0
59,courtyard,bedroom_3,PASSAGE_REQUIRED,BIDIRECTIONAL,0.9,3,PRIVATE,"3BHK,4BHK",ANY,Bedroom facing courtyard gets light and air but direct door to courtyard requires passage for privacy layering,,1,Bedroom opens directly to semi-public courtyard — anyone in courtyard can see into bedroom when door is open,0.45,0
60,courtyard,kitchen,PASSAGE_REQUIRED,BIDIRECTIONAL,0.9,3,SERVICE,"3BHK,4BHK",ANY,Courtyard-kitchen connection provides ventilation but must route through service passage for zone separation,,1,Kitchen directly on courtyard makes cooking odors fill central ventilation shaft — pollutes air for all rooms,0.5,0
61,master_bedroom,toilet_attached,PRIVATE_ONLY,BIDIRECTIONAL,0.75,3,PRIVATE,"2BHK,3BHK,4BHK",ANY,Attached toilet exclusively serves master bedroom with no other access point maintaining private zone integrity,,0,Attached toilet accessible from corridor — loses exclusivity and becomes de facto second common toilet,0.85,0
62,bedroom_2,toilet_attached,PRIVATE_ONLY,BIDIRECTIONAL,0.75,3,PRIVATE,"3BHK,4BHK",ANY,Second attached toilet in premium layouts serves bedroom 2 exclusively as per modern Tamil Nadu apartment standards,,0,Bedroom 2 attached toilet accessible from passage — privacy of bedroom occupant compromised by shared access,0.6,0
63,passage,master_bedroom,PRIVATE_ONLY,BIDIRECTIONAL,0.9,2,PRIVATE,"3BHK,4BHK",ANY,Master bedroom door on passage is private-only — passage serves only bedroom zone not connected to service,,0,Master bedroom on shared service passage where kitchen staff walks — noise and privacy intrusion for occupants,0.7,0
64,bedroom_3,courtyard,PRIVATE_ONLY,ONE_WAY,0.9,3,PRIVATE,"3BHK,4BHK",ANY,Bedroom 3 may have window or restricted door to courtyard but circulation is private-direction only inward,,1,Open bidirectional courtyard-bedroom access lets household visitors see into private bedroom from common area,0.4,0
65,bedroom_4,toilet_attached,PRIVATE_ONLY,BIDIRECTIONAL,0.75,3,PRIVATE,4BHK,ANY,Premium 4BHK layouts provide attached toilet for bedroom 4 maintaining per-room private sanitation facilities,,0,Bedroom 4 without attached bath in luxury segment reduces marketability and per-room privacy significantly,0.55,0
66,kitchen,utility,SERVICE_ONLY,BIDIRECTIONAL,0.75,3,SERVICE,"2BHK,3BHK,4BHK",ANY,Utility room exclusively accessed from kitchen forming a contained service pod for wet work and storage,,0,Utility accessible from bedroom or living — washing machine noise and wet activities disrupt non-service zones,0.75,0
67,kitchen,store,SERVICE_ONLY,BIDIRECTIONAL,0.75,3,SERVICE,"2BHK,3BHK,4BHK",ANY,Kitchen store for provisions and vessels accessed only from within kitchen service zone in Tamil Nadu homes,,0,Store room opening into living room — dry goods and kitchen supplies visible to guests creates untidy impression,0.4,0
68,utility,outside,SERVICE_ONLY,BIDIRECTIONAL,0.9,4,SERVICE,"3BHK,4BHK",ANY,Dedicated service exit from utility to outside allows maid and delivery entry without crossing living areas,,0,Service personnel must enter through main door traversing living room — disrupts family privacy and guest reception,0.65,0
69,kitchen,outside,SERVICE_ONLY,ONE_WAY,0.9,3,SERVICE,"2BHK,3BHK,4BHK",ANY,Kitchen service door to side passage allows gas cylinder delivery and waste disposal without main entrance use,,0,Heavy gas cylinders carried through living room and verandah — safety hazard and damages floor finishes,0.6,0
70,bedroom_2,outside,EMERGENCY_EXIT,ONE_WAY,0.75,,PRIVATE,"1BHK,2BHK,3BHK,4BHK",ANY,Emergency egress window or door from bedrooms to outside required by NBC fire safety for residential buildings,NBC 2016 Part 4 Sec 7,0,No emergency exit from bedroom 2 — occupants trapped if fire blocks living room which is the only normal exit,0.3,0
71,master_bedroom,outside,EMERGENCY_EXIT,ONE_WAY,0.75,,PRIVATE,"1BHK,2BHK,3BHK,4BHK",ANY,Master bedroom must have emergency egress via window with minimum clear opening per NBC fire safety requirements,NBC 2016 Part 4 Sec 7,0,Master bedroom has no external wall window — occupants cannot escape or be rescued during fire emergency,0.3,0
72,kitchen,outside,EMERGENCY_EXIT,ONE_WAY,0.75,,SERVICE,"1BHK,2BHK,3BHK,4BHK",ANY,Kitchen fire is most common residential fire — emergency exit via service door or window is NBC requirement,NBC 2016 Part 4 Sec 7,0,Kitchen fire blocks only exit — LPG cylinder fires are leading cause of residential fire deaths in Tamil Nadu,0.4,0
73,staircase,outside,EMERGENCY_EXIT,ONE_WAY,0.9,,PUBLIC,"2BHK,3BHK,4BHK",ANY,Staircase must terminate at ground floor with direct external exit for emergency evacuation per NBC fire norms,NBC 2016 Part 4 Sec 6.7,0,Staircase terminates inside living room not at external door — evacuation bottleneck during multi-floor fire,0.5,0
74,outside,verandah,DIRECT_ENTRY,BIDIRECTIONAL,1.2,0,PUBLIC,"1BHK,2BHK,3BHK,4BHK",N,North-facing plots place verandah along north boundary receiving favorable daylight without harsh afternoon sun,NBC 2016 Part 8 Sec 2,1,Verandah on south side of north-facing plot — entry is at rear of plot contradicting street-facing convention,0.95,1
75,outside,verandah,DIRECT_ENTRY,BIDIRECTIONAL,1.2,0,PUBLIC,"1BHK,2BHK,3BHK,4BHK",S,South-facing plots need deeper verandah with overhang to shield harsh afternoon sun from entering living zone,,1,Shallow verandah on south side — direct sun penetration into living room causes heat gain and glare discomfort,0.95,1
76,outside,verandah,DIRECT_ENTRY,BIDIRECTIONAL,1.2,0,PUBLIC,"1BHK,2BHK,3BHK,4BHK",E,East-facing plots have verandah receiving pleasant morning sun considered auspicious in Tamil vastu tradition,,1,Verandah on west side of east-facing plot — loses morning light benefit and faces harsh western afternoon sun,0.95,1
77,outside,verandah,DIRECT_ENTRY,BIDIRECTIONAL,1.2,0,PUBLIC,"1BHK,2BHK,3BHK,4BHK",W,West-facing plots need verandah with heavy overhang or screen to block hot western sun typical of Tamil Nadu summers,,1,Unprotected west-facing verandah makes entry zone unbearably hot from April to July — heat gain into living room,0.9,1
78,living,kitchen,DIRECT_ENTRY,BIDIRECTIONAL,0.9,2,SERVICE,"1BHK,2BHK,3BHK,4BHK",N,North-facing plot kitchen ideally in southeast corner per vastu with access from living on north-south axis,,1,Kitchen in northwest on north-facing plot contradicts vastu agni placement affecting family harmony belief,0.8,0
79,living,kitchen,DIRECT_ENTRY,BIDIRECTIONAL,0.9,2,SERVICE,"1BHK,2BHK,3BHK,4BHK",S,South-facing plot kitchen in southeast with cooking platform facing east as per Tamil Nadu vastu practitioners,,1,Kitchen placed in northeast on south plot — vastu conflict with water element zone disturbing fire element logic,0.8,0
80,living,kitchen,DIRECT_ENTRY,BIDIRECTIONAL,0.9,2,SERVICE,"1BHK,2BHK,3BHK,4BHK",E,East-facing plot kitchen in southeast maintaining agni corner placement with good morning light for cooking area,,1,Kitchen in west zone receives harsh afternoon light generating excess heat in already hot cooking environment,0.8,0
81,living,kitchen,DIRECT_ENTRY,BIDIRECTIONAL,0.9,2,SERVICE,"1BHK,2BHK,3BHK,4BHK",W,West-facing plot kitchen best in southeast but may adjust to northwest with proper ventilation and sun screening,,1,West-facing kitchen without sun protection creates oven-like conditions during Tamil Nadu summer afternoons,0.8,0
82,living,pooja,DIRECT_ENTRY,BIDIRECTIONAL,0.75,2,SEMI_PRIVATE,"1BHK,2BHK,3BHK,4BHK",N,North-facing home pooja room in northeast corner of living accessible while facing east during prayer per vastu,,1,Pooja in south or west zone — devotee faces wrong direction during prayer contradicting vastu shastra principles,0.65,0
83,living,pooja,DIRECT_ENTRY,BIDIRECTIONAL,0.75,2,SEMI_PRIVATE,"1BHK,2BHK,3BHK,4BHK",S,South-facing home pooja room placed in northeast accessible from living with devotee facing east or north,,1,Pooja room in southwest on south plot — wrong vastu quadrant for sacred space creates spiritual unease for family,0.65,0
84,living,pooja,DIRECT_ENTRY,BIDIRECTIONAL,0.75,2,SEMI_PRIVATE,"1BHK,2BHK,3BHK,4BHK",E,East-facing home pooja naturally in northeast near entry receiving first morning sunlight ideal for morning prayers,,1,Pooja room blocked from morning light on east plot — loses the sacred illumination that defines ishan corner worship,0.65,0
85,living,pooja,DIRECT_ENTRY,BIDIRECTIONAL,0.75,2,SEMI_PRIVATE,"1BHK,2BHK,3BHK,4BHK",W,West-facing home pooja in northeast may require passage connection to living for proper directional prayer alignment,,1,Pooja room near west wall receives setting sun energy — considered inauspicious for prayer space in vastu tradition,0.65,0
86,living,master_bedroom,DIRECT_ENTRY,BIDIRECTIONAL,0.9,2,PRIVATE,"2BHK,3BHK,4BHK",N,North-facing plot master bedroom ideally in southwest corner for stability per vastu with window on south or west,,1,Master bedroom in northeast on north plot — vastu says owner stability is in southwest creating restlessness,0.8,0
87,living,master_bedroom,DIRECT_ENTRY,BIDIRECTIONAL,0.9,2,PRIVATE,"2BHK,3BHK,4BHK",S,South-facing plot master bedroom in southwest maintaining vastu nairuthya zone for household head stability,,1,Master bedroom in northeast on south plot conflicts with water-element zone creating instability per vastu belief,0.8,0
88,living,master_bedroom,DIRECT_ENTRY,BIDIRECTIONAL,0.9,2,PRIVATE,"2BHK,3BHK,4BHK",E,East-facing plot master bedroom in southwest or south side ensuring quiet zone away from morning-active east entry,,1,Master bedroom on east side near entry — morning visitor noise disturbs sleeping occupants of primary bedroom,0.8,0
89,living,master_bedroom,DIRECT_ENTRY,BIDIRECTIONAL,0.9,2,PRIVATE,"2BHK,3BHK,4BHK",W,West-facing plot master bedroom in southwest with west wall shielded or thickened to manage afternoon heat gain,,1,Master bedroom with large west-facing window without shading — overheating makes room unusable in TN summers,0.8,0
90,living,master_bedroom,DIRECT_ENTRY,BIDIRECTIONAL,0.9,2,PRIVATE,1BHK,ANY,In 1BHK the single bedroom opens directly from living room with no passage as space is too compact for corridors,,0,Only bedroom in 1BHK has no direct living access — requires walking through kitchen to reach bed area,0.95,1
91,kitchen,living,DIRECT_ENTRY,BIDIRECTIONAL,0.9,1,SERVICE,1BHK,ANY,1BHK often has open kitchen or kitchen directly opening to living dining combined space for efficient area usage,,0,Kitchen completely walled off in 1BHK makes tiny home feel cramped and blocks natural ventilation pathways,0.8,0
92,living,toilet_common,DIRECT_ENTRY,BIDIRECTIONAL,0.75,2,SEMI_PRIVATE,1BHK,ANY,Single common toilet in 1BHK must be accessible from living area serving both bedroom occupants and any guests,,0,Toilet accessible only through bedroom in 1BHK — guest must enter private bedroom to use toilet,0.85,1
93,courtyard,pooja,DIRECT_ENTRY,BIDIRECTIONAL,0.75,2,SEMI_PRIVATE,"3BHK,4BHK",ANY,Traditional Tamil Nadu homes place pooja adjacent to courtyard for natural light and sacred open-sky connection,,1,Pooja room without courtyard connection loses natural light and traditional spatial relationship to open sky,0.4,0
94,verandah,car_porch,DIRECT_ENTRY,BIDIRECTIONAL,1.2,1,PUBLIC,"2BHK,3BHK,4BHK",ANY,Connected verandah and car porch allows sheltered movement from vehicle to home entry without rain exposure,,0,Verandah and car porch disconnected — residents get wet during monsoon walking between car and house entry,0.5,0
95,passage,staircase,DIRECT_ENTRY,BIDIRECTIONAL,0.9,2,SEMI_PRIVATE,"3BHK,4BHK",ANY,Staircase opening off passage reduces its visual impact on living room and allows discrete upper floor access,,0,Staircase only accessible through living room in large home — constant foot traffic disrupts living zone activities,0.6,0
96,passage,pooja,DIRECT_ENTRY,BIDIRECTIONAL,0.75,2,SEMI_PRIVATE,"3BHK,4BHK",ANY,Pooja room on passage between living and bedrooms acts as transitional sacred space in larger Tamil Nadu layouts,,1,Pooja room only accessible from kitchen — cooking activities conflict with quiet prayer requirements,0.45,0
97,courtyard,dining,DIRECT_ENTRY,BIDIRECTIONAL,1.2,2,PUBLIC,"3BHK,4BHK",ANY,Courtyard adjacent to dining provides natural ventilation during meals recalling traditional TN thinnai-mutram dining,,1,Dining room fully enclosed without courtyard access in large home — loses potential for pleasant cross-ventilation,0.4,0
98,staircase,passage,DIRECT_ENTRY,BIDIRECTIONAL,0.9,1,SEMI_PRIVATE,"3BHK,4BHK",ANY,Upper floor landing distributes to bedrooms via passage mirroring ground floor circulation in two-story TN homes,,0,Staircase opens directly into upper bedroom with no landing passage — privacy violation for sleeping occupants,0.65,0
99,store,master_bedroom,FORBIDDEN,BIDIRECTIONAL,,,PRIVATE,"2BHK,3BHK,4BHK",ANY,Store room which may contain pesticides and chemicals must not open directly into sleeping areas for health safety,,0,Chemical fumes from stored household products enter bedroom — respiratory health risk for sleeping occupants,0.6,0
100,utility,master_bedroom,FORBIDDEN,BIDIRECTIONAL,,,PRIVATE,"2BHK,3BHK,4BHK",ANY,Wet utility room with washing and drying must not connect to bedroom to prevent moisture and mold migration,,0,Moisture from washing enters bedroom through direct opening — wall dampness and mold growth in sleeping area,0.7,0
101,utility,bedroom_2,FORBIDDEN,BIDIRECTIONAL,,,PRIVATE,"2BHK,3BHK,4BHK",ANY,No utility-bedroom direct path in any configuration as wet service zone must be isolated from all sleeping spaces,,0,Utility washing noise at early morning disturbs bedroom 2 occupants through direct opening — acoustic failure,0.65,0
102,utility,pooja,FORBIDDEN,BIDIRECTIONAL,,,SEMI_PRIVATE,"2BHK,3BHK,4BHK",ANY,Utility room with soiled laundry and cleaning chemicals must not adjoin sacred pooja room per vastu and hygiene,,1,Impure utility activities adjacent to prayer space — vastu dosham and unpleasant odors during worship sessions,0.7,0
103,bedroom_3,living,PASSAGE_REQUIRED,BIDIRECTIONAL,0.9,3,PRIVATE,"3BHK,4BHK",ANY,Bedroom 3 connects to living only through passage in 3BHK and above maintaining bedroom zone cohesion via corridor,,0,Bedroom 3 opens directly into living in large home — too many doors on living room wall creates visual clutter,0.55,0
104,bedroom_4,living,PASSAGE_REQUIRED,BIDIRECTIONAL,0.9,3,PRIVATE,4BHK,ANY,Bedroom 4 always reaches living through passage in 4BHK layouts ensuring bedroom wing is self-contained private zone,,0,Four bedroom doors opening into living room — living becomes a corridor surrounded by bedroom doors losing its character,0.5,0
105,kitchen,courtyard,PASSAGE_REQUIRED,BIDIRECTIONAL,0.9,3,SERVICE,"3BHK,4BHK",ANY,Kitchen to courtyard via service passage allows ventilation without making kitchen a pass-through room between zones,,1,Kitchen becomes corridor between courtyard and dining — traffic through cooking area creates safety hazard,0.45,0
106,store,living,PASSAGE_REQUIRED,BIDIRECTIONAL,0.75,3,SEMI_PRIVATE,"3BHK,4BHK",ANY,Store room connects to living via passage or small corridor keeping storage clutter away from main social space,,0,Store room opens directly into living — stored items visible when door opens creates untidy visual in public zone,0.3,0
107,utility,dining,PASSAGE_REQUIRED,BIDIRECTIONAL,0.75,3,SERVICE,"2BHK,3BHK,4BHK",ANY,Utility to dining requires passage through kitchen — direct utility-dining path would mix wet service with food zone,,0,Wet laundry visible from dining table through direct opening — unpleasant visual during meals and hygiene concern,0.4,0
108,courtyard,master_bedroom,PASSAGE_REQUIRED,BIDIRECTIONAL,0.9,3,PRIVATE,"3BHK,4BHK",ANY,Master bedroom light from courtyard via window but circulation access requires passage for privacy zone enforcement,,1,Master bedroom door on courtyard — anyone in courtyard can see bedroom interior violating private zone privacy rules,0.5,0
109,dining,living,DIRECT_ENTRY,OPTIONAL,1.8,1,PUBLIC,"1BHK,2BHK,3BHK,4BHK",ANY,Living-dining open connection is most common in Tamil Nadu homes but some prefer partial wall with wide archway,,0,Living and dining fully walled off — unusual in TN practice and makes small homes feel cramped and disconnected,0.85,0
110,verandah,living,DIRECT_ENTRY,OPTIONAL,1.5,1,PUBLIC,"2BHK,3BHK,4BHK",ANY,Some TN homes use wide double doors or folding partition between verandah and living for flexible open-closed operation,,0,Verandah permanently open to living — no way to close off from dust wind or security when needed,0.7,0
111,living,courtyard,DIRECT_ENTRY,OPTIONAL,1.5,2,PUBLIC,"3BHK,4BHK",ANY,Courtyard connection optional for modern compact layouts but highly recommended for traditional spatial experience,,1,Modern layout without courtyard loses natural ventilation and light well — compensate with larger windows mandatory,0.5,0
112,passage,store,DIRECT_ENTRY,OPTIONAL,0.75,3,SEMI_PRIVATE,"3BHK,4BHK",ANY,Store room may open off passage as alternative to living-zone access for discrete storage access in larger homes,,0,Store accessible only from living zone in large home — passage access would be more convenient for bedroom wing residents,0.3,0
113,staircase,living,DIRECT_ENTRY,OPTIONAL,0.9,2,PUBLIC,"2BHK,3BHK,4BHK",ANY,Some Tamil Nadu layouts position staircase off living room for visual prominence as architectural feature element,,0,Staircase hidden behind passages — loses architectural character but gains living room wall space for furniture,0.5,0
114,courtyard,staircase,DIRECT_ENTRY,OPTIONAL,0.9,2,SEMI_PRIVATE,"3BHK,4BHK",ANY,Courtyard-staircase connection creates dramatic vertical spatial experience in two-story traditional TN houses,,1,Staircase disconnected from courtyard — loses potential for light well extending vertically through both floors,0.35,0
115,main_gate,car_porch,DIRECT_ENTRY,BIDIRECTIONAL,3,0,PUBLIC,"2BHK,3BHK,4BHK",ANY,Car porch directly behind main gate allows vehicle entry without complex maneuvering on narrow Tamil Nadu streets,,0,Car porch set back from gate with turns — difficult entry on typical 30-foot-wide Tamil Nadu residential plots,0.75,1
116,main_gate,outside,DIRECT_ENTRY,BIDIRECTIONAL,1.2,0,PUBLIC,"1BHK,2BHK,3BHK,4BHK",ANY,Main gate connects plot to public road or lane forming the primary interface with neighborhood in TN residential areas,,0,Plot has no defined gate — boundary ambiguous creating security and address identification issues,0.9,1
117,living,bedroom_3,DIRECT_ENTRY,BIDIRECTIONAL,0.9,2,PRIVATE,"3BHK,4BHK",ANY,In some 3BHK layouts bedroom 3 opens from living when passage is not provided due to compact plot constraints,,0,Bedroom 3 accessible only through other bedrooms — privacy violation and fire egress code non-compliance,0.7,0
118,living,bedroom_4,PASSAGE_REQUIRED,BIDIRECTIONAL,0.9,3,PRIVATE,4BHK,ANY,Bedroom 4 always via passage in 4BHK maintaining disciplined bedroom-wing separation from public living zone,,0,All four bedroom doors opening on living room — living becomes surrounded by bedroom entries losing its character,0.6,0
119,dining,courtyard,DIRECT_ENTRY,BIDIRECTIONAL,1.2,2,PUBLIC,"3BHK,4BHK",ANY,Dining-courtyard connection recreates traditional Tamil Nadu open-air dining experience in modern independent homes,,1,Dining fully enclosed without courtyard — loses cross-ventilation and connection to traditional TN dining culture,0.5,0
120,kitchen,toilet_common,FORBIDDEN,BIDIRECTIONAL,,,SERVICE,"1BHK,2BHK,3BHK,4BHK",ANY,Kitchen must never have direct door to any toilet per NBC and Tamil Nadu CMDA building rules for food safety,NBC 2016 Part 9 Sec 4.2,0,Toilet door opens into kitchen — building inspector will reject plan and municipal approval will be denied,1,0
