code_id,nbc_section,code_category,room_type,parameter_name,min_value,max_value,unit,occupancy_type,bhk_applicability,condition,enforcement_level,penalty_for_violation,drawing_requirement,compliance_check,common_violation,waiver_possible,tn_local_amendment
1,"Part 3, Cl 3.4.1",ROOM_DIMENSIONS,MASTER_BEDROOM,Minimum floor area,9.5,,sqm,RESIDENTIAL_GROUP_A1,ALL,,MANDATORY,Plan rejected by sanctioning authority,Dimension line must show minimum 9.5 sqm for master bedroom with area calculation annotation,room.area >= 9.5,Master bedroom area reduced to 8.5-9.0 sqm to accommodate larger living room,0,DTCP TN mandates 10.0 sqm for plots above 150 sqm
2,"Part 3, Cl 3.4.1",ROOM_DIMENSIONS,MASTER_BEDROOM,Minimum width,2.4,,m,RESIDENTIAL_GROUP_A1,ALL,,MANDATORY,Plan rejected by sanctioning authority,Width dimension line must annotate minimum 2.4m clear internal width for master bedroom,room.min_width >= 2.4,Narrow master bedroom with width 2.2m due to wall thickness miscalculation,0,
3,"Part 3, Cl 3.4.1",ROOM_DIMENSIONS,MASTER_BEDROOM,Minimum ceiling height,2.75,,m,RESIDENTIAL_GROUP_A1,ALL,,MANDATORY,Occupancy certificate withheld,Section drawing must show 2.75m clear floor-to-ceiling height for master bedroom,room.ceiling_height >= 2.75,False ceiling reducing effective height below 2.75m not shown in plan,0,
4,"Part 3, Cl 3.4.1",ROOM_DIMENSIONS,MASTER_BEDROOM,Maximum floor area,,25,sqm,RESIDENTIAL_GROUP_A1,"1BHK,2BHK",Applicable for EWS/LIG housing schemes,RECOMMENDED,Warning notice from TNHB,Area annotation must not exceed 25.0 sqm in EWS/LIG category plans,room.area <= 25.0,Oversized master bedroom in EWS housing exceeding carpet area norms,1,TNHB scheme-specific area cap
5,"Part 3, Cl 3.4.1",ROOM_DIMENSIONS,MASTER_BEDROOM,Minimum diagonal dimension,3.3,,m,RESIDENTIAL_GROUP_A1,ALL,,RECOMMENDED,Advisory notice issued,Diagonal measurement annotation required on floor plan for master bedroom,room.diagonal >= 3.3,L-shaped master bedroom with effective diagonal below 3.3m,1,
6,"Part 3, Cl 3.4.2",ROOM_DIMENSIONS,BEDROOM,Minimum floor area,7.5,,sqm,RESIDENTIAL_GROUP_A1,"2BHK,3BHK,4BHK",,MANDATORY,Plan rejected by sanctioning authority,Dimension line must show minimum 7.5 sqm for secondary bedroom with area tag,room.area >= 7.5,Second bedroom reduced to 6.8 sqm by encroaching corridor space,0,CMDA requires 8.0 sqm for multi-storey apartments
7,"Part 3, Cl 3.4.2",ROOM_DIMENSIONS,BEDROOM,Minimum width,2.1,,m,RESIDENTIAL_GROUP_A1,"2BHK,3BHK,4BHK",,MANDATORY,Plan rejected by sanctioning authority,Width annotation must show 2.1m clear internal width for secondary bedrooms,room.min_width >= 2.1,Narrow bedroom width of 1.9m caused by oversized adjacent bathroom,0,
8,"Part 3, Cl 3.4.2",ROOM_DIMENSIONS,BEDROOM,Minimum ceiling height,2.75,,m,RESIDENTIAL_GROUP_A1,ALL,,MANDATORY,Occupancy certificate withheld,Section must annotate 2.75m clear height in all bedrooms,room.ceiling_height >= 2.75,Loft construction reducing bedroom ceiling height below minimum,0,
9,"Part 3, Cl 3.4.2",ROOM_DIMENSIONS,BEDROOM,Minimum door opening width,0.8,,m,RESIDENTIAL_GROUP_A1,ALL,,MANDATORY,Plan revision required,Door schedule must show 0.8m x 2.0m minimum for bedroom doors,room.door_width >= 0.8,Bedroom door width reduced to 0.75m for space saving,0,
10,"Part 3, Cl 3.4.2",ROOM_DIMENSIONS,BEDROOM,Minimum door height,2,,m,RESIDENTIAL_GROUP_A1,ALL,,MANDATORY,Plan revision required,Door schedule must annotate minimum 2.0m height for bedroom doors,room.door_height >= 2.0,Non-standard door height of 1.95m used,0,
11,"Part 3, Cl 3.4.3",ROOM_DIMENSIONS,KITCHEN,Minimum floor area,4.5,,sqm,RESIDENTIAL_GROUP_A1,"1BHK,2BHK",,MANDATORY,Plan rejected by sanctioning authority,Kitchen area must be annotated with minimum 4.5 sqm dimension block,room.area >= 4.5,Kitchen area reduced to 3.8 sqm in 1BHK units to maximize bedroom,0,DTCP TN requires 5.0 sqm for 2BHK and above
12,"Part 3, Cl 3.4.3",ROOM_DIMENSIONS,KITCHEN,Minimum floor area for 3BHK+,5.5,,sqm,RESIDENTIAL_GROUP_A1,"3BHK,4BHK",,MANDATORY,Plan rejected by sanctioning authority,Kitchen must show minimum 5.5 sqm with platform and movement space annotated,room.area >= 5.5,3BHK kitchen squeezed to 4.8 sqm due to dining area expansion,0,CMDA mandates 6.0 sqm for 3BHK in high-rise
13,"Part 3, Cl 3.4.3",ROOM_DIMENSIONS,KITCHEN,Minimum width,1.8,,m,RESIDENTIAL_GROUP_A1,ALL,,MANDATORY,Plan rejected by sanctioning authority,Width dimension line must show minimum 1.8m clear width in kitchen,room.min_width >= 1.8,Galley kitchen with 1.5m width violating minimum requirement,0,
14,"Part 3, Cl 3.4.3",ROOM_DIMENSIONS,KITCHEN,Minimum ceiling height,2.75,,m,RESIDENTIAL_GROUP_A1,ALL,,MANDATORY,Occupancy certificate withheld,Section drawing must show 2.75m clear height in kitchen area,room.ceiling_height >= 2.75,Exhaust duct lowering effective kitchen ceiling to 2.5m,0,
15,"Part 3, Cl 3.4.3",ROOM_DIMENSIONS,KITCHEN,Minimum door opening width,0.8,,m,RESIDENTIAL_GROUP_A1,ALL,,MANDATORY,Plan revision required,Kitchen door must be annotated as minimum 0.8m x 2.0m in door schedule,room.door_width >= 0.8,Kitchen door reduced to 0.6m sliding door,0,
16,"Part 3, Cl 3.4.3",ROOM_DIMENSIONS,KITCHEN,Minimum platform height,0.85,0.9,m,RESIDENTIAL_GROUP_A1,ALL,Kitchen platform/countertop from finished floor level,RECOMMENDED,Advisory notice issued,Kitchen section must annotate platform height between 0.85m and 0.9m from FFL,platform.height >= 0.85 and platform.height <= 0.9,Platform height at 0.75m causing ergonomic issues,1,
17,"Part 3, Cl 3.4.4",ROOM_DIMENSIONS,LIVING_ROOM,Minimum floor area,9.5,,sqm,RESIDENTIAL_GROUP_A1,1BHK,,MANDATORY,Plan rejected by sanctioning authority,Living room area annotation must show minimum 9.5 sqm for 1BHK units,room.area >= 9.5,Living room reduced to 8.5 sqm by moving partition towards living area,0,
18,"Part 3, Cl 3.4.4",ROOM_DIMENSIONS,LIVING_ROOM,Minimum floor area for 2BHK,12,,sqm,RESIDENTIAL_GROUP_A1,2BHK,,MANDATORY,Plan rejected by sanctioning authority,Living room must annotate minimum 12.0 sqm area for 2BHK configuration,room.area >= 12.0,2BHK living room at 10.5 sqm due to oversized bedrooms,0,CMDA recommends 13.0 sqm for 2BHK in group housing
19,"Part 3, Cl 3.4.4",ROOM_DIMENSIONS,LIVING_ROOM,Minimum floor area for 3BHK+,15,,sqm,RESIDENTIAL_GROUP_A1,"3BHK,4BHK",,MANDATORY,Plan rejected by sanctioning authority,Living room area must show minimum 15.0 sqm with furniture layout zone indicated,room.area >= 15.0,3BHK living room at 13.0 sqm with awkward L-shape,0,
20,"Part 3, Cl 3.4.4",ROOM_DIMENSIONS,LIVING_ROOM,Minimum width,2.4,,m,RESIDENTIAL_GROUP_A1,ALL,,MANDATORY,Plan rejected by sanctioning authority,Width annotation must show minimum 2.4m clear width in living room,room.min_width >= 2.4,Living room narrowed to 2.2m by column projection,0,
21,"Part 3, Cl 3.4.4",ROOM_DIMENSIONS,LIVING_ROOM,Minimum ceiling height,2.75,,m,RESIDENTIAL_GROUP_A1,ALL,,MANDATORY,Occupancy certificate withheld,Section drawing must show 2.75m clear ceiling height for living room,room.ceiling_height >= 2.75,Beam soffit reducing living room height to 2.6m at edges,0,
22,"Part 3, Cl 3.4.5",ROOM_DIMENSIONS,DINING_ROOM,Minimum floor area,7.5,,sqm,RESIDENTIAL_GROUP_A1,"3BHK,4BHK",When provided as separate room,RECOMMENDED,Advisory notice issued,Dining area annotation must show 7.5 sqm minimum when separate from living,room.area >= 7.5,Separate dining room at 5.5 sqm inadequate for 6-seater table,1,
23,"Part 3, Cl 3.4.5",ROOM_DIMENSIONS,DINING_ROOM,Minimum width,2.1,,m,RESIDENTIAL_GROUP_A1,ALL,When provided as separate room,RECOMMENDED,Advisory notice issued,Width must be annotated at minimum 2.1m for separate dining room,room.min_width >= 2.1,Narrow dining passage of 1.8m between living and kitchen,1,
24,"Part 3, Cl 3.5.1",ROOM_DIMENSIONS,BATHROOM_ATTACHED,Minimum floor area,1.8,,sqm,RESIDENTIAL_GROUP_A1,ALL,,MANDATORY,Plan rejected by sanctioning authority,Attached bathroom area must annotate minimum 1.8 sqm with fixture layout,room.area >= 1.8,Attached bathroom at 1.5 sqm with shower and WC cramped together,0,
25,"Part 3, Cl 3.5.1",ROOM_DIMENSIONS,BATHROOM_ATTACHED,Minimum width,1.2,,m,RESIDENTIAL_GROUP_A1,ALL,,MANDATORY,Plan rejected by sanctioning authority,Bathroom width annotation must show minimum 1.2m clear internal width,room.min_width >= 1.2,Bathroom width at 1.0m preventing door swing clearance,0,
26,"Part 3, Cl 3.5.1",ROOM_DIMENSIONS,BATHROOM_ATTACHED,Minimum ceiling height,2.2,,m,RESIDENTIAL_GROUP_A1,ALL,,MANDATORY,Occupancy certificate withheld,Section must show minimum 2.2m clear height in attached bathroom,room.ceiling_height >= 2.2,False ceiling for concealed plumbing reducing height to 2.0m,0,
27,"Part 3, Cl 3.5.1",ROOM_DIMENSIONS,BATHROOM_ATTACHED,Minimum door width,0.7,,m,RESIDENTIAL_GROUP_A1,ALL,,MANDATORY,Plan revision required,Bathroom door must be annotated as 0.7m x 1.9m minimum in door schedule,room.door_width >= 0.7,Bathroom door at 0.6m too narrow for wheelchair access consideration,0,
28,"Part 3, Cl 3.5.1",ROOM_DIMENSIONS,BATHROOM_ATTACHED,Minimum door height,1.9,,m,RESIDENTIAL_GROUP_A1,ALL,,MANDATORY,Plan revision required,Door schedule must annotate 1.9m minimum height for bathroom doors,room.door_height >= 1.9,Non-standard bathroom door at 1.8m height,0,
29,"Part 3, Cl 3.5.2",ROOM_DIMENSIONS,BATHROOM_COMMON,Minimum floor area,2.5,,sqm,RESIDENTIAL_GROUP_A1,"2BHK,3BHK,4BHK",,MANDATORY,Plan rejected by sanctioning authority,Common bathroom must annotate minimum 2.5 sqm with WC and shower zones marked,room.area >= 2.5,Common bathroom at 2.0 sqm without adequate shower partition space,0,
30,"Part 3, Cl 3.5.2",ROOM_DIMENSIONS,BATHROOM_COMMON,Minimum width,1.2,,m,RESIDENTIAL_GROUP_A1,ALL,,MANDATORY,Plan rejected by sanctioning authority,Common bathroom width annotation must show minimum 1.2m clear width,room.min_width >= 1.2,Common bathroom at 1.05m width with fixtures impeding movement,0,
31,"Part 3, Cl 3.5.3",ROOM_DIMENSIONS,WC,Minimum floor area,1.1,,sqm,RESIDENTIAL_GROUP_A1,ALL,,MANDATORY,Plan rejected by sanctioning authority,WC area must annotate minimum 1.1 sqm with WC fixture placement shown,room.area >= 1.1,WC at 0.9 sqm too small for Indian-style WC pan and door clearance,0,
32,"Part 3, Cl 3.5.3",ROOM_DIMENSIONS,WC,Minimum width,0.9,,m,RESIDENTIAL_GROUP_A1,ALL,,MANDATORY,Plan rejected by sanctioning authority,WC width must be annotated at minimum 0.9m internal clear dimension,room.min_width >= 0.9,WC width at 0.75m preventing comfortable use,0,
33,"Part 3, Cl 3.5.3",ROOM_DIMENSIONS,WC,Minimum ceiling height,2.2,,m,RESIDENTIAL_GROUP_A1,ALL,,MANDATORY,Plan revision required,WC section must show 2.2m minimum clear height,room.ceiling_height >= 2.2,WC under staircase with height below 2.2m at entry,0,
34,"Part 3, Cl 3.4.6",ROOM_DIMENSIONS,VERANDAH,Minimum width,1.2,,m,RESIDENTIAL_GROUP_A1,ALL,,MANDATORY,Plan rejected by sanctioning authority,Verandah width must be annotated at minimum 1.2m clear internal width,room.min_width >= 1.2,Verandah reduced to 0.9m as extended living room area,0,
35,"Part 3, Cl 3.4.6",ROOM_DIMENSIONS,VERANDAH,Minimum floor area,3,,sqm,RESIDENTIAL_GROUP_A1,ALL,When counted in carpet area calculation,RECOMMENDED,Advisory notice issued,Verandah area annotation must show minimum 3.0 sqm if included in carpet area,room.area >= 3.0,Narrow strip verandah at 1.8 sqm counted in carpet area,1,
36,"Part 3, Cl 3.4.7",ROOM_DIMENSIONS,BALCONY,Minimum width,1,,m,RESIDENTIAL_GROUP_A1,ALL,,RECOMMENDED,Advisory notice issued,Balcony width annotation must show minimum 1.0m clear projection,room.min_width >= 1.0,Decorative balcony at 0.6m projection not usable,1,CMDA allows 0.75m for utility balconies
37,"Part 3, Cl 3.4.7",ROOM_DIMENSIONS,BALCONY,Maximum projection,,1.5,m,RESIDENTIAL_GROUP_A1,ALL,Cantilever balcony without column support,MANDATORY,Structural safety notice issued,Balcony projection must not exceed 1.5m from building face line,balcony.projection <= 1.5,2.0m cantilever balcony exceeding structural safety limits,0,
38,"Part 3, Cl 3.4.7",ROOM_DIMENSIONS,BALCONY,Minimum railing height,1,,m,RESIDENTIAL_GROUP_A1,ALL,,MANDATORY,Safety notice and rectification order,Balcony railing must be annotated at minimum 1.0m height from finished floor,railing.height >= 1.0,Railing at 0.9m below safety minimum for upper floors,0,
39,"Part 3, Cl 3.4.8",ROOM_DIMENSIONS,STORE_ROOM,Minimum floor area,3,,sqm,RESIDENTIAL_GROUP_A1,"3BHK,4BHK",When provided as separate room,RECOMMENDED,Advisory notice issued,Store room must annotate minimum 3.0 sqm when designated on plan,room.area >= 3.0,Store at 1.5 sqm essentially a large cupboard mislabeled,1,
40,"Part 3, Cl 3.4.9",ROOM_DIMENSIONS,POOJA_ROOM,Minimum floor area,2,,sqm,RESIDENTIAL_GROUP_A1,"3BHK,4BHK",When provided as separate room,RECOMMENDED,Advisory notice issued,Pooja room must annotate minimum 2.0 sqm when shown as enclosed room,room.area >= 2.0,Pooja room at 1.2 sqm inadequate for intended use,1,TN local practice: commonly included in 3BHK+ plans
41,"Part 3, Cl 3.4.10",ROOM_DIMENSIONS,UTILITY_AREA,Minimum floor area,2.5,,sqm,RESIDENTIAL_GROUP_A1,"2BHK,3BHK,4BHK",When provided for washing machine and drying,RECOMMENDED,Advisory notice issued,Utility area must annotate minimum 2.5 sqm with plumbing points marked,room.area >= 2.5,Utility area at 1.5 sqm insufficient for washing machine placement,1,
42,"Part 3, Cl 3.4.11",ROOM_DIMENSIONS,ENTRANCE_FOYER,Minimum width,1.2,,m,RESIDENTIAL_GROUP_A1,"3BHK,4BHK",When provided as distinct entry zone,RECOMMENDED,Advisory notice issued,Foyer width must be annotated at minimum 1.2m from main door to living area,room.min_width >= 1.2,Foyer at 0.8m width not allowing door swing clearance,1,
43,"Part 3, Cl 3.6.1",ROOM_DIMENSIONS,MAIN_ENTRANCE,Minimum door width,0.9,,m,RESIDENTIAL_GROUP_A1,ALL,,MANDATORY,Plan rejected by sanctioning authority,Main entrance door must be annotated as minimum 0.9m x 2.0m in door schedule,door.width >= 0.9,Main door at 0.8m width violating minimum for furniture movement,0,
44,"Part 3, Cl 3.6.1",ROOM_DIMENSIONS,MAIN_ENTRANCE,Minimum door height,2,,m,RESIDENTIAL_GROUP_A1,ALL,,MANDATORY,Plan rejected by sanctioning authority,Main entrance door height must show minimum 2.0m in door schedule and elevation,door.height >= 2.0,Non-standard main door at 1.95m height,0,
45,"Part 3, Cl 3.4.12",ROOM_DIMENSIONS,SERVANT_ROOM,Minimum floor area,4.5,,sqm,RESIDENTIAL_GROUP_A1,4BHK,When provided as separate servant quarter,RECOMMENDED,Advisory notice issued,Servant room must annotate minimum 4.5 sqm with attached toilet access shown,room.area >= 4.5,Servant room at 3.0 sqm below habitable room standards,1,CMDA requires servant room with attached toilet in premium housing
46,"Part 3, Cl 3.4.13",ROOM_DIMENSIONS,LOBBY,Minimum width,1.8,,m,RESIDENTIAL_GROUP_A2,ALL,Common lobby for apartment buildings,MANDATORY,Plan rejected by sanctioning authority,Common lobby width must be annotated at minimum 1.8m in apartment floor plans,room.min_width >= 1.8,Narrow lobby at 1.5m creating congestion at peak hours,0,
47,"Part 3, Cl 3.7.1",CORRIDOR_PASSAGE,INTERNAL_CORRIDOR,Minimum width,0.9,,m,RESIDENTIAL_GROUP_A1,ALL,,MANDATORY,Plan rejected by sanctioning authority,Internal corridor width must be annotated at minimum 0.9m clear between walls,corridor.width >= 0.9,Internal corridor at 0.75m too narrow for two-way movement,0,
48,"Part 3, Cl 3.7.2",CORRIDOR_PASSAGE,ESCAPE_CORRIDOR,Minimum width,1.2,,m,RESIDENTIAL_GROUP_A1,ALL,Corridor serving as escape route,MANDATORY,Fire NOC denied,Escape corridor must be annotated at minimum 1.2m with fire escape arrow markings,corridor.width >= 1.2,Escape corridor at 1.0m not meeting fire safety egress width,0,TN Fire Service mandates 1.5m for buildings above 15m height
49,"Part 3, Cl 3.7.3",CORRIDOR_PASSAGE,COMMON_CORRIDOR,Minimum width,1.5,,m,RESIDENTIAL_GROUP_A2,ALL,Common corridor in apartment buildings,MANDATORY,Plan rejected by sanctioning authority,Common corridor width must show minimum 1.5m clear dimension in apartment plans,corridor.width >= 1.5,Common corridor at 1.2m in apartment building causing movement issues,0,
50,"Part 3, Cl 3.7.1",CORRIDOR_PASSAGE,INTERNAL_CORRIDOR,Minimum ceiling height,2.2,,m,RESIDENTIAL_GROUP_A1,ALL,,MANDATORY,Plan revision required,Corridor section must show minimum 2.2m clear height under beams and ducts,corridor.ceiling_height >= 2.2,Duct soffit bringing corridor height to 2.0m at services zone,0,
51,"Part 3, Cl 3.7.4",CORRIDOR_PASSAGE,EXTERNAL_CORRIDOR,Minimum width,1.2,,m,RESIDENTIAL_GROUP_A2,ALL,Open corridor/gallery in apartment buildings,MANDATORY,Plan rejected by sanctioning authority,External corridor must annotate 1.2m minimum clear width with railing detail,corridor.width >= 1.2,External gallery at 1.0m with service duct encroachment,0,
52,"Part 3, Cl 3.7.1",CORRIDOR_PASSAGE,INTERNAL_CORRIDOR,Maximum dead-end length,,7.5,m,RESIDENTIAL_GROUP_A1,ALL,Dead-end corridor without alternative exit,MANDATORY,Fire NOC denied,Dead-end corridor must not exceed 7.5m and must be annotated with length dimension,corridor.dead_end_length <= 7.5,Dead-end corridor at 10.0m without fire escape access,0,
53,"Part 3, Cl 3.7.5",CORRIDOR_PASSAGE,PASSAGE,Minimum width for wheelchair access,1.05,,m,RESIDENTIAL_GROUP_A1,ALL,When accessible design is required,RECOMMENDED,Advisory notice for accessibility compliance,Accessible passage must annotate 1.05m minimum clear width with wheelchair symbol,passage.width >= 1.05,Passage at 0.9m not meeting wheelchair accessibility standard,1,TN PWD Act requires accessible routes in all new multi-storey buildings
54,"Part 3, Cl 3.7.6",CORRIDOR_PASSAGE,INTERNAL_CORRIDOR,Maximum corridor length without natural light,,15,m,RESIDENTIAL_GROUP_A1,ALL,Internal corridor without windows,MANDATORY,Plan revision required,Corridors exceeding 15m must show window or skylight location for natural light,corridor.length_without_light <= 15.0,Long 18m internal corridor with no natural light provision,0,
55,"Part 3, Cl 3.8.1",STAIRCASE,STAIRCASE,Minimum width for residential,0.9,,m,RESIDENTIAL_GROUP_A1,ALL,Individual residential up to 2 floors,MANDATORY,Plan rejected by sanctioning authority,Staircase width must annotate 0.9m clear between walls or wall and railing,stair.width >= 0.9,Staircase at 0.75m too narrow for furniture movement between floors,0,
56,"Part 3, Cl 3.8.1",STAIRCASE,STAIRCASE,Minimum width for multi-floor,1,,m,RESIDENTIAL_GROUP_A1,ALL,Residential building with more than 2 floors,MANDATORY,Plan rejected by sanctioning authority,Multi-storey staircase must annotate minimum 1.0m clear width in stair plan,stair.width >= 1.0,3-floor residential stair at 0.9m width violating multi-floor requirement,0,CMDA requires 1.2m for apartments above G+3
57,"Part 3, Cl 3.8.2",STAIRCASE,STAIRCASE,Maximum riser height,,190,mm,RESIDENTIAL_GROUP_A1,ALL,,MANDATORY,Plan revision required,Stair section must annotate each riser not exceeding 190mm height,stair.riser_height <= 190,Riser at 200mm causing steeper stair than permitted,0,
58,"Part 3, Cl 3.8.2",STAIRCASE,STAIRCASE,Minimum tread depth,250,,mm,RESIDENTIAL_GROUP_A1,ALL,,MANDATORY,Plan revision required,Stair section must annotate each tread at minimum 250mm going,stair.tread_depth >= 250,Tread at 220mm too shallow for safe foot placement,0,
59,"Part 3, Cl 3.8.3",STAIRCASE,STAIRCASE,Minimum headroom,2.2,,m,RESIDENTIAL_GROUP_A1,ALL,,MANDATORY,Plan revision required,Stair section must show minimum 2.2m clear headroom measured vertically from nosing,stair.headroom >= 2.2,Headroom at 2.0m under landing slab above staircase,0,
60,"Part 3, Cl 3.8.4",STAIRCASE,STAIRCASE,Minimum landing width,0.9,,m,RESIDENTIAL_GROUP_A1,ALL,,MANDATORY,Plan rejected by sanctioning authority,Landing width must be annotated equal to or greater than stair width (min 0.9m),stair.landing_width >= stair.width and stair.landing_width >= 0.9,Landing width at 0.8m less than stair width creating bottleneck,0,
61,"Part 3, Cl 3.8.5",STAIRCASE,STAIRCASE,Minimum railing height,0.9,,m,RESIDENTIAL_GROUP_A1,ALL,,MANDATORY,Safety notice and rectification order,Stair railing must be annotated at minimum 0.9m height from nosing line,stair.railing_height >= 0.9,Railing at 0.75m below safety requirement especially with children,0,
62,"Part 3, Cl 3.8.6",STAIRCASE,STAIRCASE,Maximum number of risers per flight,,15,mm,RESIDENTIAL_GROUP_A1,ALL,,MANDATORY,Plan revision required,Each stair flight must not exceed 15 risers with intermediate landing shown,stair.risers_per_flight <= 15,Single flight of 18 risers without intermediate landing,0,
63,"Part 3, Cl 3.8.7",STAIRCASE,STAIRCASE,Maximum riser-tread relationship,,500,mm,RESIDENTIAL_GROUP_A1,ALL,2R + T formula must be between 550-700mm,MANDATORY,Plan revision required,Stair detail must show 2R+T calculation between 550-700mm range,(2 * stair.riser + stair.tread) >= 550 and (2 * stair.riser + stair.tread) <= 700,Riser-tread combination giving 2R+T = 520mm below comfort range,0,
64,"Part 3, Cl 3.8.8",STAIRCASE,STAIRCASE,Minimum width of winder treads at narrow end,150,,mm,RESIDENTIAL_GROUP_A1,ALL,Only for winding staircases,MANDATORY,Plan revision required,Winder treads must annotate minimum 150mm at narrow end in stair plan,stair.winder_narrow_end >= 150,Winder stair narrow end at 100mm creating tripping hazard,0,
65,"Part 3, Cl 3.8.9",STAIRCASE,FIRE_ESCAPE_STAIRCASE,Minimum width,1,,m,RESIDENTIAL_GROUP_A2,ALL,Dedicated fire escape staircase in apartments,MANDATORY,Fire NOC denied and plan rejected,Fire escape stair must annotate minimum 1.0m width with fire door locations,stair.width >= 1.0,Fire escape stair at 0.75m width violating fire safety norms,0,TN Fire Service requires 1.2m for buildings above 18m
66,"Part 3, Cl 3.8.10",STAIRCASE,FIRE_ESCAPE_STAIRCASE,Maximum travel distance to fire stair,,22.5,m,RESIDENTIAL_GROUP_A2,ALL,,MANDATORY,Fire NOC denied,Travel distance from any unit door to fire stair must be annotated and not exceed 22.5m,travel_distance_to_fire_stair <= 22.5,Corner units at 28m travel distance exceeding fire safety limit,0,
67,"Part 3, Cl 3.8.11",STAIRCASE,STAIRCASE,Minimum natural light opening,0.5,,sqm,RESIDENTIAL_GROUP_A1,ALL,Staircase must have natural light at each floor level,MANDATORY,Plan revision required,Staircase plan must show window of minimum 0.5 sqm at each floor landing,stair.light_opening >= 0.5,Enclosed staircase without any natural light openings,0,
68,"Part 3, Cl 3.8.12",STAIRCASE,STAIRCASE,Railing baluster spacing,,100,mm,RESIDENTIAL_GROUP_A1,ALL,,MANDATORY,Safety notice and rectification order,Railing detail must show baluster spacing not exceeding 100mm c/c,stair.baluster_spacing <= 100,Baluster spacing at 150mm allowing child head entrapment risk,0,
69,"Part 3, Cl 3.8.13",STAIRCASE,SPIRAL_STAIRCASE,Minimum diameter,1.5,,m,RESIDENTIAL_GROUP_A1,ALL,Only for secondary access or duplex internal stairs,MANDATORY,Plan revision required,Spiral staircase must annotate minimum 1.5m diameter in plan view,stair.diameter >= 1.5,Spiral stair at 1.2m diameter too tight for safe use,0,
70,"Part 8, Cl 8.4.1",VENTILATION,ANY_HABITABLE,Minimum window area as ratio of floor area,10,,percent,RESIDENTIAL_GROUP_A1,ALL,,MANDATORY,Plan rejected by sanctioning authority,Window schedule must show aggregate window area >= 10% of each habitable room floor area,total_window_area >= room.area * 0.10,Habitable room with 7% window-to-floor ratio due to shared wall constraints,0,
71,"Part 8, Cl 8.4.1",VENTILATION,ANY_HABITABLE,Minimum openable window area,5,,percent,RESIDENTIAL_GROUP_A1,ALL,,MANDATORY,Plan rejected by sanctioning authority,Window schedule must indicate openable portion >= 5% of room floor area,openable_window_area >= room.area * 0.05,Fixed glass windows with less than 50% openable portion,0,
72,"Part 8, Cl 8.4.2",VENTILATION,ANY_HABITABLE,Minimum ventilator area as ratio of floor area,5,,percent,RESIDENTIAL_GROUP_A1,ALL,,MANDATORY,Plan rejected by sanctioning authority,Ventilator area must be annotated >= 5% of floor area for each habitable room,ventilator_area >= room.area * 0.05,Ventilators omitted in air-conditioned room designs,0,
73,"Part 8, Cl 8.4.3",VENTILATION,KITCHEN,Minimum number of direct windows,1,,sqm,RESIDENTIAL_GROUP_A1,ALL,,MANDATORY,Plan rejected by sanctioning authority,Kitchen plan must show at least one window opening to external air directly,kitchen.direct_windows >= 1,Kitchen with only a ventilator and no direct window to outside,0,
74,"Part 8, Cl 8.4.3",VENTILATION,KITCHEN,Cross-ventilation provision,,,sqm,RESIDENTIAL_GROUP_A1,ALL,Windows on two opposite or adjacent walls recommended,RECOMMENDED,Advisory notice issued,Kitchen plan should show window positions enabling cross-ventilation with airflow arrows,kitchen.has_cross_ventilation == True,Kitchen with single wall window and no cross-ventilation possibility,1,
75,"Part 8, Cl 8.4.3",VENTILATION,KITCHEN,Minimum exhaust provision,0.3,,sqm,RESIDENTIAL_GROUP_A1,ALL,,MANDATORY,Plan revision required,Kitchen must show chimney/exhaust duct location with minimum 0.3 sqm opening area,kitchen.exhaust_area >= 0.3,No designated exhaust opening in kitchen plan,0,DTCP TN requires mechanical exhaust for internal kitchens
76,"Part 8, Cl 8.4.4",VENTILATION,BATHROOM_ATTACHED,Minimum ventilation opening,0.3,,sqm,RESIDENTIAL_GROUP_A1,ALL,,MANDATORY,Plan rejected by sanctioning authority,Bathroom must annotate ventilation opening of minimum 0.3 sqm on plan or section,room.vent_opening >= 0.3,Attached bathroom with only exhaust fan and no natural ventilation opening,0,
77,"Part 8, Cl 8.4.4",VENTILATION,BATHROOM_COMMON,Minimum ventilation opening,0.3,,sqm,RESIDENTIAL_GROUP_A1,ALL,,MANDATORY,Plan rejected by sanctioning authority,Common bathroom ventilation opening must be annotated at minimum 0.3 sqm,room.vent_opening >= 0.3,Common bathroom relying solely on mechanical ventilation,0,
78,"Part 8, Cl 8.4.5",VENTILATION,WC,Minimum ventilation opening,0.15,,sqm,RESIDENTIAL_GROUP_A1,ALL,,MANDATORY,Plan rejected by sanctioning authority,WC must show ventilation opening of minimum 0.15 sqm annotated on plan,room.vent_opening >= 0.15,WC with no ventilation opening relying on door gap only,0,
79,"Part 8, Cl 8.4.6",VENTILATION,MASTER_BEDROOM,Minimum air changes per hour,1,,ACH,RESIDENTIAL_GROUP_A1,ALL,,RECOMMENDED,Advisory notice issued,Ventilation calculation sheet must show minimum 1.0 ACH for master bedroom,room.ach >= 1.0,Bedroom with inadequate window sizing for natural ventilation ACH,1,
80,"Part 8, Cl 8.4.6",VENTILATION,BEDROOM,Minimum air changes per hour,1,,ACH,RESIDENTIAL_GROUP_A1,ALL,,RECOMMENDED,Advisory notice issued,Ventilation calculation must show minimum 1.0 ACH for all bedrooms,room.ach >= 1.0,Interior bedroom with single small window achieving only 0.5 ACH,1,
81,"Part 8, Cl 8.4.7",VENTILATION,KITCHEN,Minimum air changes per hour,6,,ACH,RESIDENTIAL_GROUP_A1,ALL,,MANDATORY,Plan revision required,Kitchen ventilation must achieve minimum 6.0 ACH shown in services calculation,room.ach >= 6.0,Kitchen with single window achieving only 2.0 ACH without mechanical exhaust,0,
82,"Part 8, Cl 8.4.8",VENTILATION,BATHROOM_ATTACHED,Minimum air changes per hour,6,,ACH,RESIDENTIAL_GROUP_A1,ALL,,MANDATORY,Plan revision required,Bathroom ventilation calculation must show minimum 6.0 ACH,room.ach >= 6.0,Internal bathroom without window achieving 0 natural ACH,0,
83,"Part 8, Cl 8.4.9",VENTILATION,LIVING_ROOM,Minimum window area ratio,10,,percent,RESIDENTIAL_GROUP_A1,ALL,,MANDATORY,Plan rejected by sanctioning authority,Living room window aggregate area must be >= 10% of floor area annotated on schedule,total_window_area >= room.area * 0.10,Living room with only one small window due to shared party wall,0,
84,"Part 8, Cl 8.4.10",VENTILATION,STAIRCASE,Minimum ventilation opening per floor,0.5,,sqm,RESIDENTIAL_GROUP_A1,ALL,,MANDATORY,Plan revision required,Staircase must show ventilation opening of 0.5 sqm minimum at each floor level,stair.vent_opening_per_floor >= 0.5,Enclosed fire-rated staircase with no natural ventilation at intermediate floors,0,
85,"Part 8, Cl 8.4.11",VENTILATION,ANY_HABITABLE,Minimum window sill height,0.6,,m,RESIDENTIAL_GROUP_A1,ALL,Ground floor habitable rooms,RECOMMENDED,Advisory notice issued,Window schedule must annotate sill height minimum 0.6m from finished floor for ground floor,window.sill_height >= 0.6,Floor-level window without safety railing on ground floor,1,
86,"Part 8, Cl 8.4.12",VENTILATION,ANY_HABITABLE,Maximum window sill height for ventilation,,1.2,m,RESIDENTIAL_GROUP_A1,ALL,,RECOMMENDED,Advisory notice issued,Window sill height must not exceed 1.2m to ensure effective ventilation at occupant level,window.sill_height <= 1.2,Window sill at 1.5m providing only high-level ventilation,1,
87,"Part 8, Cl 8.4.13",VENTILATION,UTILITY_AREA,Minimum ventilation opening,0.3,,sqm,RESIDENTIAL_GROUP_A1,ALL,,MANDATORY,Plan revision required,Utility area must show ventilation opening of minimum 0.3 sqm for moisture control,room.vent_opening >= 0.3,Enclosed utility with no ventilation causing dampness and mould,0,
88,"Part 8, Cl 8.4.14",VENTILATION,BASEMENT,Minimum mechanical ventilation capacity,6,,ACH,RESIDENTIAL_GROUP_A2,ALL,Basement parking and storage areas,MANDATORY,Fire NOC denied and occupancy certificate withheld,Basement plan must show mechanical ventilation system achieving 6.0 ACH minimum,basement.mechanical_ach >= 6.0,Basement with only 2 exhaust fans insufficient for parking area ventilation,0,
89,"Part 8, Cl 8.4.15",VENTILATION,ANY_HABITABLE,Minimum window height,1,,m,RESIDENTIAL_GROUP_A1,ALL,,RECOMMENDED,Advisory notice issued,Window elevation must annotate minimum 1.0m height for effective daylight and air entry,window.height >= 1.0,Horizontal strip window at 0.45m height providing minimal ventilation,1,
90,"Part 8, Cl 8.3.1",LIGHTING,LIVING_ROOM,Minimum daylight factor,1,,percent,RESIDENTIAL_GROUP_A1,ALL,,MANDATORY,Plan revision required,Daylight analysis or window sizing must ensure 1.0% daylight factor annotated,room.daylight_factor >= 1.0,Living room with north-facing small window achieving 0.5% daylight factor,0,
91,"Part 8, Cl 8.3.2",LIGHTING,MASTER_BEDROOM,Minimum illumination level,100,,lux,RESIDENTIAL_GROUP_A1,ALL,,RECOMMENDED,Advisory notice issued,Electrical layout must note minimum 100 lux ambient lighting for master bedroom,room.illumination >= 100,Single light point providing only 60 lux at desk level,1,
92,"Part 8, Cl 8.3.2",LIGHTING,BEDROOM,Minimum illumination level,100,,lux,RESIDENTIAL_GROUP_A1,ALL,,RECOMMENDED,Advisory notice issued,Electrical plan must show light points achieving minimum 100 lux for bedrooms,room.illumination >= 100,Under-lit bedroom with single tube light for large room,1,
93,"Part 8, Cl 8.3.3",LIGHTING,KITCHEN,Minimum illumination level,200,,lux,RESIDENTIAL_GROUP_A1,ALL,,RECOMMENDED,Advisory notice issued,Kitchen electrical layout must show task lighting achieving minimum 200 lux at platform,room.illumination >= 200,Kitchen with single ceiling light at 80 lux on countertop,1,
94,"Part 8, Cl 8.3.4",LIGHTING,BATHROOM_ATTACHED,Minimum illumination level,100,,lux,RESIDENTIAL_GROUP_A1,ALL,,RECOMMENDED,Advisory notice issued,Bathroom electrical plan must show waterproof light fitting achieving 100 lux,room.illumination >= 100,Single dim bulb in bathroom providing 40 lux,1,
95,"Part 8, Cl 8.3.5",LIGHTING,STAIRCASE,Minimum illumination level,50,,lux,RESIDENTIAL_GROUP_A1,ALL,,MANDATORY,Safety notice and rectification order,Staircase electrical plan must show light points achieving 50 lux on treads,stair.illumination >= 50,Dark staircase landing with no dedicated light point,0,
96,"Part 8, Cl 8.3.6",LIGHTING,INTERNAL_CORRIDOR,Minimum illumination level,50,,lux,RESIDENTIAL_GROUP_A1,ALL,,MANDATORY,Plan revision required,Corridor electrical plan must show minimum 50 lux lighting at floor level,corridor.illumination >= 50,Long corridor with single light at one end creating dark zones,0,
97,"Part 8, Cl 8.3.7",LIGHTING,ANY_HABITABLE,Window glass area for daylight,10,,percent,RESIDENTIAL_GROUP_A1,ALL,,MANDATORY,Plan rejected by sanctioning authority,Clear glass area of windows must be >= 10% of room floor area for natural daylight,clear_glass_area >= room.area * 0.10,Frosted glass windows reducing effective daylight penetration below 10%,0,
98,"Part 8, Cl 8.3.8",LIGHTING,LIVING_ROOM,Minimum illumination level,150,,lux,RESIDENTIAL_GROUP_A1,ALL,,RECOMMENDED,Advisory notice issued,Living room electrical plan must provide minimum 150 lux ambient illumination,room.illumination >= 150,Living room with insufficient artificial lighting for evening use,1,
99,"Part 8, Cl 8.3.9",LIGHTING,ENTRANCE_FOYER,Minimum illumination level,100,,lux,RESIDENTIAL_GROUP_A1,ALL,,RECOMMENDED,Advisory notice issued,Entrance foyer electrical plan must show 100 lux minimum lighting,room.illumination >= 100,Dark entrance foyer with no dedicated light point,1,
100,"Part 8, Cl 8.3.10",LIGHTING,COMMON_CORRIDOR,Minimum illumination level,50,,lux,RESIDENTIAL_GROUP_A2,ALL,,MANDATORY,Safety notice and rectification order,Common corridor lighting must achieve 50 lux with emergency lighting backup,corridor.illumination >= 50,Common corridor in apartment with only 20 lux from energy-saving bulbs,0,
101,"Part 8, Cl 8.3.11",LIGHTING,PARKING_AREA,Minimum illumination level,50,,lux,RESIDENTIAL_GROUP_A2,ALL,,MANDATORY,Safety notice and rectification order,Parking area lighting plan must show 50 lux minimum at floor level,parking.illumination >= 50,Basement parking with dark corners at 15 lux posing safety risks,0,
102,"Part 8, Cl 8.3.12",LIGHTING,WC,Minimum illumination level,50,,lux,RESIDENTIAL_GROUP_A1,ALL,,RECOMMENDED,Advisory notice issued,WC electrical plan must show minimum 50 lux lighting,room.illumination >= 50,WC with no light point relying on borrowed light from bathroom,1,
103,"Part 8, Cl 8.3.13",LIGHTING,DINING_ROOM,Minimum illumination level,150,,lux,RESIDENTIAL_GROUP_A1,ALL,,RECOMMENDED,Advisory notice issued,Dining area electrical plan must show 150 lux at table height,room.illumination >= 150,Dining area with indirect lighting only at 70 lux,1,
104,"Part 8, Cl 8.3.14",LIGHTING,ANY_HABITABLE,Emergency lighting provision,10,,lux,RESIDENTIAL_GROUP_A2,ALL,For common areas in apartment buildings,MANDATORY,Fire NOC denied,Emergency lighting plan must show 10 lux minimum in escape routes during power failure,emergency_lux >= 10,No emergency lighting in common areas of apartment building,0,
105,"Part 4, Cl 4.4.1",FIRE_SAFETY,MAIN_ENTRANCE,Minimum main entrance width for fire access,0.9,,m,RESIDENTIAL_GROUP_A1,ALL,,MANDATORY,Fire NOC denied,Main entrance door must annotate 0.9m clear opening width for emergency egress,door.clear_width >= 0.9,Main door obstructed by shoe rack reducing clear opening to 0.7m,0,
106,"Part 4, Cl 4.4.2",FIRE_SAFETY,ALL,Maximum travel distance to exit,,22.5,m,RESIDENTIAL_GROUP_A1,ALL,,MANDATORY,Fire NOC denied,Travel distance from remotest point to nearest exit must be annotated and <= 22.5m,max_travel_distance <= 22.5,Corner room at 30m from nearest staircase exit,0,
107,"Part 4, Cl 4.4.3",FIRE_SAFETY,ALL,Minimum number of exits per floor,2,,sqm,RESIDENTIAL_GROUP_A2,ALL,For apartment buildings,MANDATORY,Fire NOC denied and plan rejected,Floor plan must show minimum 2 independent exits annotated with exit signage locations,floor.exit_count >= 2,Single staircase serving all units on a floor in apartment building,0,
108,"Part 4, Cl 4.4.4",FIRE_SAFETY,FIRE_ESCAPE_STAIRCASE,Fire door minimum rating,60,,mm,RESIDENTIAL_GROUP_A2,ALL,Fire door rating in minutes,MANDATORY,Fire NOC denied,Fire stair door must be annotated as 60-minute fire-rated with self-closing mechanism,fire_door.rating_minutes >= 60,Ordinary wooden door used instead of fire-rated door at staircase entry,0,
109,"Part 4, Cl 4.4.5",FIRE_SAFETY,ALL,Fire extinguisher provision per floor area,1,,per_sqm,RESIDENTIAL_GROUP_A2,ALL,1 extinguisher per 200 sqm floor area,MANDATORY,Fire NOC denied,Fire safety plan must show extinguisher locations at 1 per 200 sqm floor area,floor.extinguishers >= math.ceil(floor.area / 200),No fire extinguisher placement shown on floor plan for apartment common areas,0,
110,"Part 4, Cl 4.4.6",FIRE_SAFETY,KITCHEN,Fire-resistant wall between kitchen and gas bank,120,,mm,RESIDENTIAL_GROUP_A2,ALL,When LPG bank room is provided,MANDATORY,Fire NOC denied,Gas bank room wall must be annotated as 120mm fire-resistant construction,gas_bank_wall.thickness >= 120 and gas_bank_wall.fire_rated == True,Non-fire-rated partition between kitchen area and gas bank storage,0,
111,"Part 4, Cl 4.4.7",FIRE_SAFETY,ESCAPE_CORRIDOR,Smoke detector spacing,,15,m,RESIDENTIAL_GROUP_A2,ALL,,MANDATORY,Fire NOC denied,Fire safety plan must show smoke detectors at maximum 15m spacing in corridors,smoke_detector.spacing <= 15,No smoke detectors in common corridor of apartment building,0,
112,"Part 4, Cl 4.4.8",FIRE_SAFETY,ALL,Fire alarm system provision,,,sqm,RESIDENTIAL_GROUP_A2,ALL,For buildings above 15m height,MANDATORY,Fire NOC denied and occupancy certificate withheld,Fire alarm system layout must be shown on electrical plan with manual call points,building.has_fire_alarm == True,No fire alarm system in 5-storey apartment building,0,TN Fire Service mandates fire alarm for all buildings above G+3
113,"Part 4, Cl 4.4.9",FIRE_SAFETY,ALL,Minimum fire tender access width,6,,m,RESIDENTIAL_GROUP_A2,ALL,Access road for fire tender to building,MANDATORY,Fire NOC denied,Site plan must show 6.0m minimum access road for fire tender annotated,fire_access.width >= 6.0,Narrow 4.0m access road preventing fire tender approach,0,
114,"Part 4, Cl 4.4.10",FIRE_SAFETY,ALL,Wet riser provision,,,m,RESIDENTIAL_GROUP_A2,ALL,For buildings above 15m height,MANDATORY,Fire NOC denied,Wet riser location must be shown on plan near staircase with hose reel locations,building.has_wet_riser == True,No wet riser system in 6-storey apartment building,0,
115,"Part 4, Cl 4.4.11",FIRE_SAFETY,ALL,Emergency exit signage illumination,1,,lux,RESIDENTIAL_GROUP_A2,ALL,,MANDATORY,Fire NOC denied,Exit signs must be shown at all escape route decision points with self-luminous annotation,exit_sign.illumination >= 1.0,Non-illuminated exit signs in apartment common areas,0,
116,"Part 4, Cl 4.4.12",FIRE_SAFETY,BALCONY,Fire separation between units,1,,m,RESIDENTIAL_GROUP_A2,ALL,Minimum separation between adjacent unit balconies,MANDATORY,Fire NOC denied,Adjacent balconies must show 1.0m fire-rated separation wall on plan,balcony.fire_separation >= 1.0,Adjacent balconies with no separation wall allowing fire spread,0,
117,"Part 4, Cl 4.4.13",FIRE_SAFETY,ALL,Refuge area per floor,15,,sqm,RESIDENTIAL_GROUP_A2,ALL,For buildings above 24m height,MANDATORY,Fire NOC denied and plan rejected,Refuge area must be annotated at minimum 15 sqm per refuge floor in high-rise,refuge_area.area >= 15.0,No designated refuge area in high-rise residential tower,0,TN Fire Service mandates refuge area every 5th floor above 24m
118,"Part 4, Cl 4.4.14",FIRE_SAFETY,KITCHEN,Fire blanket provision,,,sqm,RESIDENTIAL_GROUP_A1,ALL,Recommended for all kitchens,RECOMMENDED,Advisory notice issued,Kitchen safety annotation should indicate fire blanket provision location,kitchen.has_fire_blanket == True,No fire safety provision annotation in kitchen area,1,
119,"Part 4, Cl 4.4.15",FIRE_SAFETY,LOBBY,Pressurized lobby for fire stair,50,,sqm,RESIDENTIAL_GROUP_A2,ALL,Pressurization in pascals for fire stair lobby,MANDATORY,Fire NOC denied,Fire stair lobby must be annotated as pressurized with 50 Pa minimum positive pressure,fire_lobby.pressure >= 50,Fire stair lobby without pressurization system in high-rise building,0,TN Fire Service requires pressurized lobbies for buildings above 30m
120,"Part 9, Cl 9.2.1",SANITATION,BATHROOM_ATTACHED,Minimum number of fixtures,2,,sqm,RESIDENTIAL_GROUP_A1,ALL,WC pan and shower/tap as minimum,MANDATORY,Plan revision required,Bathroom plan must show minimum 2 fixture locations: WC and shower point,bathroom.fixture_count >= 2,Attached bathroom shown without WC fixture location,0,
121,"Part 9, Cl 9.2.2",SANITATION,BATHROOM_COMMON,Floor trap location,1,,sqm,RESIDENTIAL_GROUP_A1,ALL,,MANDATORY,Plan revision required,Bathroom plan must show floor trap location with slope direction arrows,bathroom.has_floor_trap == True,Bathroom without floor trap causing waterlogging,0,
122,"Part 9, Cl 9.2.3",SANITATION,KITCHEN,Sink provision,1,,sqm,RESIDENTIAL_GROUP_A1,ALL,,MANDATORY,Plan revision required,Kitchen plan must show sink location with water supply and waste pipe connection,kitchen.has_sink == True,Kitchen plan without designated sink location and plumbing point,0,
123,"Part 9, Cl 9.2.4",SANITATION,ALL,Septic tank size per person,1,,sqm,RESIDENTIAL_GROUP_A1,ALL,For individual houses without sewer connection,MANDATORY,Plan rejected by local body,Site plan must show septic tank location with size based on 1.0 sqm per person capacity,septic.area_per_person >= 1.0,Undersized septic tank for 4-bedroom house with 6 occupants,0,DTCP TN mandates connection to underground drainage where available
124,"Part 9, Cl 9.2.5",SANITATION,ALL,Minimum distance of septic tank from building,1.5,,m,RESIDENTIAL_GROUP_A1,ALL,When septic tank is required,MANDATORY,Plan rejected by local body,Septic tank must be annotated at minimum 1.5m from building foundation on site plan,septic.distance_from_building >= 1.5,Septic tank at 0.5m from building foundation wall,0,
125,"Part 9, Cl 9.2.6",SANITATION,BATHROOM_ATTACHED,Anti-siphon trap provision,,,sqm,RESIDENTIAL_GROUP_A1,ALL,,MANDATORY,Plumbing compliance notice issued,Plumbing diagram must show anti-siphon trap on each waste connection,bathroom.has_anti_siphon == True,No anti-siphon traps causing sewer gas entry into bathrooms,0,
126,"Part 9, Cl 9.2.7",SANITATION,ALL,Rainwater harvesting tank minimum capacity,1,,sqm,RESIDENTIAL_GROUP_A1,ALL,Per 100 sqm roof area in kiloliters,MANDATORY,Plan rejected by CMDA/DTCP,Site plan must show RWH tank location with capacity based on roof area calculation,rwh.capacity >= roof_area / 100,No rainwater harvesting provision on site plan,0,TN mandatory RWH for all buildings as per TN District Municipalities Act
127,"Part 9, Cl 9.2.8",SANITATION,UTILITY_AREA,Washing machine drain provision,,,sqm,RESIDENTIAL_GROUP_A1,"2BHK,3BHK,4BHK",,RECOMMENDED,Advisory notice issued,Utility area must show dedicated drain point for washing machine waste water,utility.has_wm_drain == True,No washing machine drain point leading to floor drain overflow,1,
128,"Part 9, Cl 9.2.9",SANITATION,ALL,Grey water recycling provision,,,sqm,RESIDENTIAL_GROUP_A2,ALL,For apartment buildings with >20 units,RECOMMENDED,Advisory notice issued,Plumbing layout must show grey water recycling system with dual piping annotation,building.has_grey_water_recycling == True,Large apartment complex without grey water recycling system,1,CMDA recommends grey water recycling for projects above 20000 sqft
129,"Part 9, Cl 9.2.10",SANITATION,ALL,STP provision for apartments,,,sqm,RESIDENTIAL_GROUP_A2,ALL,For apartment buildings with >50 units,MANDATORY,Environmental clearance denied,Site plan must show STP location with capacity calculation for total units,building.has_stp == True,Large apartment project without sewage treatment plant,0,TNPCB mandates STP for residential projects above 20000 sqft
130,"Part 3, Cl 3.9.1",ACCESSIBILITY,MAIN_ENTRANCE,Ramp provision at main entrance,,,m,RESIDENTIAL_GROUP_A2,ALL,When entrance has level difference,MANDATORY,Accessibility compliance notice issued,Main entrance must show ramp with 1:12 gradient and handrails annotated,ramp.gradient <= 1/12,Steps-only entrance without ramp provision for wheelchair access,0,TN PWD Act requires ramp access for all multi-storey residential
131,"Part 3, Cl 3.9.2",ACCESSIBILITY,MAIN_ENTRANCE,Ramp minimum width,1.2,,m,RESIDENTIAL_GROUP_A2,ALL,,MANDATORY,Plan revision required,Ramp must annotate minimum 1.2m clear width between handrails,ramp.width >= 1.2,Narrow ramp at 0.9m not accommodating wheelchair comfortably,0,
132,"Part 3, Cl 3.9.3",ACCESSIBILITY,LOBBY,Wheelchair turning radius,1.5,,m,RESIDENTIAL_GROUP_A2,ALL,,MANDATORY,Accessibility compliance notice issued,Lobby must show 1.5m diameter clear turning circle for wheelchair maneuverability,lobby.turning_radius >= 1.5,Lobby too cramped for wheelchair 360-degree turn,0,
133,"Part 3, Cl 3.9.4",ACCESSIBILITY,ALL,Lift provision,,,m,RESIDENTIAL_GROUP_A2,ALL,For buildings with more than 3 floors (G+3),MANDATORY,Plan rejected by sanctioning authority,Lift shaft must be shown on plan with minimum 1.1m x 1.3m car size annotated,building.has_lift == True and lift.car_width >= 1.1 and lift.car_depth >= 1.3,G+4 apartment building without lift provision,0,CMDA mandates lift for all buildings above G+2 in Chennai
134,"Part 3, Cl 3.9.5",ACCESSIBILITY,BATHROOM_COMMON,Accessible bathroom provision,3.5,,sqm,RESIDENTIAL_GROUP_A2,ALL,At least one accessible bathroom on ground floor,MANDATORY,Accessibility compliance notice issued,Accessible bathroom must show 3.5 sqm minimum with grab bar and wheelchair space annotated,accessible_bathroom.area >= 3.5,No accessible bathroom on ground floor of apartment building,0,
135,"Part 3, Cl 3.9.6",ACCESSIBILITY,ALL,Tactile floor indicators at stairs,,,m,RESIDENTIAL_GROUP_A2,ALL,,RECOMMENDED,Advisory notice issued,Tactile warning strips must be annotated 300mm before stair nosing on landing,stair.has_tactile_indicators == True,No tactile warning indicators at staircase landings,1,
136,"Part 3, Cl 3.9.7",ACCESSIBILITY,MAIN_ENTRANCE,Accessible door handle height,0.9,1.1,m,RESIDENTIAL_GROUP_A2,ALL,,RECOMMENDED,Advisory notice issued,Door hardware schedule must show lever handles at 0.9m-1.1m height from finished floor,door.handle_height >= 0.9 and door.handle_height <= 1.1,Door handle at 1.2m height not reachable from wheelchair,1,
137,"Part 3, Cl 3.9.8",ACCESSIBILITY,ALL,Electrical switch height for accessibility,0.9,1.2,m,RESIDENTIAL_GROUP_A2,ALL,,RECOMMENDED,Advisory notice issued,Electrical layout must show switches at 0.9m-1.2m height from finished floor,switch.height >= 0.9 and switch.height <= 1.2,Switches at 1.4m height not reachable from wheelchair,1,
138,"Part 3, Cl 3.9.9",ACCESSIBILITY,PARKING_AREA,Accessible parking space width,3.6,,m,RESIDENTIAL_GROUP_A2,ALL,,MANDATORY,Accessibility compliance notice issued,At least 2% of parking spaces must be 3.6m wide annotated as accessible,accessible_parking.width >= 3.6,No designated accessible parking spaces in apartment basement,0,CMDA requires 3% accessible parking for large residential projects
139,"Part 3, Cl 3.9.10",ACCESSIBILITY,ALL,Signage for accessible facilities,,,m,RESIDENTIAL_GROUP_A2,ALL,,RECOMMENDED,Advisory notice issued,"International accessibility symbol must be annotated at ramp, lift, and accessible toilet locations",building.has_accessibility_signage == True,No accessibility signage at ramp or lift entrances,1,
140,"Part 6, Cl 6.2.1",STRUCTURAL,ALL,Minimum external wall thickness,200,,mm,RESIDENTIAL_GROUP_A1,ALL,,MANDATORY,Structural safety notice issued,Wall section must annotate 200mm minimum external wall thickness in floor plan,wall.external_thickness >= 200,External wall at 150mm single brick not meeting structural and thermal requirements,0,
141,"Part 6, Cl 6.2.2",STRUCTURAL,ALL,Minimum internal wall thickness,100,,mm,RESIDENTIAL_GROUP_A1,ALL,,MANDATORY,Plan revision required,Internal partition walls must annotate 100mm minimum thickness on plan,wall.internal_thickness >= 100,Internal partition at 75mm dry wall not meeting sound insulation requirement,0,
142,"Part 6, Cl 6.2.3",STRUCTURAL,ALL,Minimum plinth height from ground,0.45,,m,RESIDENTIAL_GROUP_A1,ALL,,MANDATORY,Plan rejected by sanctioning authority,Section drawing must show plinth at minimum 0.45m above surrounding ground level,building.plinth_height >= 0.45,Plinth at 0.3m causing rain water ingress during monsoon,0,DTCP TN requires 0.60m plinth in flood-prone areas
143,"Part 6, Cl 6.2.4",STRUCTURAL,ALL,Maximum column spacing for load-bearing,,4.5,m,RESIDENTIAL_GROUP_A1,ALL,For conventional load-bearing construction,MANDATORY,Structural safety notice issued,Structural plan must show load-bearing walls at maximum 4.5m c/c spacing,column.spacing <= 4.5,Load-bearing wall spacing at 5.5m causing excessive slab deflection,0,
144,"Part 6, Cl 6.2.5",STRUCTURAL,ALL,Minimum slab thickness,100,,mm,RESIDENTIAL_GROUP_A1,ALL,,MANDATORY,Structural safety notice issued,Structural section must annotate minimum 100mm slab thickness for residential floors,slab.thickness >= 100,Slab at 75mm thickness in non-engineered construction,0,
145,"Part 6, Cl 6.3.1",FOUNDATION,ALL,Minimum foundation depth,0.9,,m,RESIDENTIAL_GROUP_A1,ALL,,MANDATORY,Structural safety notice issued,Foundation section must show minimum 0.9m depth from natural ground level,foundation.depth >= 0.9,Shallow foundation at 0.6m in black cotton soil area,0,TN soil conditions may require deeper foundations per geotechnical report
146,"Part 6, Cl 6.3.2",FOUNDATION,ALL,Minimum footing width for single storey,0.6,,m,RESIDENTIAL_GROUP_A1,ALL,For G+0 residential construction,MANDATORY,Structural safety notice issued,Foundation plan must show footing width minimum 0.6m for single storey,footing.width >= 0.6,Narrow footing at 0.45m for single storey load-bearing construction,0,
147,"Part 6, Cl 6.3.3",FOUNDATION,ALL,Minimum footing width for multi-storey,0.9,,m,RESIDENTIAL_GROUP_A1,ALL,For G+1 and above residential construction,MANDATORY,Structural safety notice issued,Foundation plan must show footing width minimum 0.9m for multi-storey construction,footing.width >= 0.9,Multi-storey building with undersized 0.6m footing on weak soil,0,
148,"Part 9, Cl 9.3.1",PLUMBING,ALL,Minimum water supply per person per day,135,,sqm,RESIDENTIAL_GROUP_A1,ALL,135 liters per person per day for residential,MANDATORY,Plan revision required,Plumbing design must show water tank sizing based on 135 lpcd minimum,water_supply.lpcd >= 135,Water tank sized for only 80 lpcd due to space constraints,0,CMWSSB Chennai mandates 135 lpcd supply calculation
149,"Part 9, Cl 9.3.2",PLUMBING,ALL,Overhead tank minimum capacity,,,sqm,RESIDENTIAL_GROUP_A1,ALL,Capacity for half-day storage at 135 lpcd,MANDATORY,Plan revision required,OHT location and capacity must be annotated on terrace plan,oht.capacity >= (occupants * 135) / 2,Undersized overhead tank for family of 5 providing only 4 hours storage,0,
150,"Part 9, Cl 9.3.3",PLUMBING,ALL,Sump minimum capacity,,,sqm,RESIDENTIAL_GROUP_A1,ALL,Capacity for one-day storage at 135 lpcd,MANDATORY,Plan revision required,Sump location and capacity must be shown on foundation plan,sump.capacity >= occupants * 135,No sump provision in individual house plan relying on direct supply,0,
151,"Part 9, Cl 9.3.4",PLUMBING,BATHROOM_ATTACHED,Minimum water pressure at fixture,0.7,,m,RESIDENTIAL_GROUP_A1,ALL,0.7 bar minimum at highest fixture,MANDATORY,Plumbing compliance notice issued,Plumbing riser diagram must show pressure calculation at top floor fixture,fixture.pressure >= 0.7,Insufficient water pressure at top floor bathroom in 4-storey building,0,
152,"Part 8, Cl 8.5.1",ELECTRICAL,ALL,Minimum power points per bedroom,2,,sqm,RESIDENTIAL_GROUP_A1,ALL,,RECOMMENDED,Advisory notice issued,Electrical layout must show minimum 2 socket outlets per bedroom,room.power_points >= 2,Bedroom with single power point requiring extension cords,1,
153,"Part 8, Cl 8.5.2",ELECTRICAL,KITCHEN,Minimum power points,3,,sqm,RESIDENTIAL_GROUP_A1,ALL,,RECOMMENDED,Advisory notice issued,Kitchen electrical layout must show minimum 3 dedicated power points for appliances,kitchen.power_points >= 3,Kitchen with only 1 power point for multiple cooking appliances,1,
154,"Part 8, Cl 8.5.3",ELECTRICAL,ALL,Earth leakage circuit breaker provision,,,sqm,RESIDENTIAL_GROUP_A1,ALL,,MANDATORY,Electrical safety notice issued,Electrical SLD must show ELCB/RCCB for each distribution board,building.has_elcb == True,No ELCB protection in residential electrical distribution board,0,TANGEDCO requires ELCB for all new residential service connections
